scenario,scenario_name,DISTRICT,CROP,YEAR,AREA,predicted_yield,predicted_production,predicted_yield_p10,predicted_yield_p90
rcp_4.5,Composite RCP 4.5 / Near-Term 1.0C SWL - Moderate Emissions,Badin,COTTON,2025,14.769088830456099,6.583976143950511,97.2393285276089,4.100756485718958,9.067195802182063
rcp_4.5,Composite RCP 4.5 / Near-Term 1.0C SWL - Moderate Emissions,Badin,RICE,2025,120.25213901909046,2.993890668492022,360.0217568754603,1.7641138480350187,4.223667488949026
rcp_4.5,Composite RCP 4.5 / Near-Term 1.0C SWL - Moderate Emissions,Badin,SUGARCANE,2025,25.618212339469437,66.1329605816199,1694.2082268177007,47.72315896029008,84.54276220294972
rcp_4.5,Composite RCP 4.5 / Near-Term 1.0C SWL - Moderate Emissions,Badin,WHEAT,2025,34.72996608360961,3.433688637838239,119.25188993379773,2.7338200835338986,4.13355719214258
rcp_4.5,Composite RCP 4.5 / Near-Term 1.0C SWL - Moderate Emissions,Dadu,COTTON,2025,10.589163522731809,5.132131575035407,54.34498046822508,2.648911916803854,7.61535123326696
rcp_4.5,Composite RCP 4.5 / Near-Term 1.0C SWL - Moderate Emissions,Dadu,RICE,2025,48.988192142067646,3.3374114380963986,163.49375278660068,2.107634617639395,4.5671882585534025
rcp_4.5,Composite RCP 4.5 / Near-Term 1.0C SWL - Moderate Emissions,Dadu,SUGARCANE,2025,6.31528981365031,57.004512785577774,360.00001892685816,38.594711164247954,75.4143144069076
rcp_4.5,Composite RCP 4.5 / Near-Term 1.0C SWL - Moderate Emissions,Dadu,WHEAT,2025,80.8246983727754,3.051566561431658,246.64194689216114,2.3516980071273172,3.7514351157359984
rcp_4.5,Composite RCP 4.5 / Near-Term 1.0C SWL - Moderate Emissions,Ghotki,COTTON,2025,83.95907587363317,4.562831076681863,383.0910805657038,2.07961141845031,7.046050734913416
rcp_4.5,Composite RCP 4.5 / Near-Term 1.0C SWL - Moderate Emissions,Ghotki,RICE,2025,43.226975343926824,3.2593578724622354,140.89218238995883,2.029581052005232,4.489134692919238
rcp_4.5,Composite RCP 4.5 / Near-Term 1.0C SWL - Moderate Emissions,Ghotki,SUGARCANE,2025,53.85629282420541,53.594864480420625,2886.4207153311386,35.185062859090806,72.00466610175044
rcp_4.5,Composite RCP 4.5 / Near-Term 1.0C SWL - Moderate Emissions,Ghotki,WHEAT,2025,111.64564345870895,3.4947285431412434,390.1712169125206,2.794859988836903,4.194597097445584
rcp_4.5,Composite RCP 4.5 / Near-Term 1.0C SWL - Moderate Emissions,Hyderabad,COTTON,2025,3.4124999999999996,6.004480441923434,20.490289508063714,3.521260783691881,8.487700100154987
rcp_4.5,Composite RCP 4.5 / Near-Term 1.0C SWL - Moderate Emissions,Hyderabad,RICE,2025,0.5025000000000001,3.113163512570412,1.5643646650666323,1.8833866921134086,4.342940333027416
rcp_4.5,Composite RCP 4.5 / Near-Term 1.0C SWL - Moderate Emissions,Hyderabad,SUGARCANE,2025,2.5425,48.04685602217918,122.15913143639055,29.637054400849358,66.456657643509
rcp_4.5,Composite RCP 4.5 / Near-Term 1.0C SWL - Moderate Emissions,Hyderabad,WHEAT,2025,8.865,3.2739289953867514,29.023380544103553,2.574060441082411,3.973797549691092
rcp_4.5,Composite RCP 4.5 / Near-Term 1.0C SWL - Moderate Emissions,Jacobabad,RICE,2025,100.20278914675418,3.3427842387679823,334.9563042403613,2.113007418310979,4.572561059224986
rcp_4.5,Composite RCP 4.5 / Near-Term 1.0C SWL - Moderate Emissions,Jacobabad,SUGARCANE,2025,0.14078122022788753,37.994964735299675,5.348977497951044,19.585163113969855,56.404766356629494
rcp_4.5,Composite RCP 4.5 / Near-Term 1.0C SWL - Moderate Emissions,Jacobabad,WHEAT,2025,30.499156282153535,2.920810039240546,89.08224185728041,2.220941484936205,3.620678593544887
rcp_4.5,Composite RCP 4.5 / Near-Term 1.0C SWL - Moderate Emissions,Jamshoro,COTTON,2025,15.413691551389164,4.319434030310867,66.57842381978546,1.836214372079314,6.80265368854242
rcp_4.5,Composite RCP 4.5 / Near-Term 1.0C SWL - Moderate Emissions,Jamshoro,RICE,2025,0.4699470294576962,2.6407479525198303,1.2410116558331876,1.4109711320628269,3.8705247729768337
rcp_4.5,Composite RCP 4.5 / Near-Term 1.0C SWL - Moderate Emissions,Jamshoro,SUGARCANE,2025,0.512859647117105,58.387787944098164,29.94474032095854,39.977986322768345,76.79758956542798
rcp_4.5,Composite RCP 4.5 / Near-Term 1.0C SWL - Moderate Emissions,Jamshoro,WHEAT,2025,37.55544262794831,3.90341510038927,146.59448185573632,3.2035465460849295,4.603283654693611
rcp_4.5,Composite RCP 4.5 / Near-Term 1.0C SWL - Moderate Emissions,Karachi,COTTON,2025,0.4755657177698911,4.0000765368146345,1.9022992693647518,1.5168568785830816,6.483296195046187
rcp_4.5,Composite RCP 4.5 / Near-Term 1.0C SWL - Moderate Emissions,Karachi,WHEAT,2025,1.461579970275487,3.277736120498477,4.790673461569054,2.5778675661941364,3.9776046748028175
rcp_4.5,Composite RCP 4.5 / Near-Term 1.0C SWL - Moderate Emissions,Kashmore,RICE,2025,85.6398182233911,3.6675295027565085,314.08655994499134,2.437752682299505,4.8973063232135114
rcp_4.5,Composite RCP 4.5 / Near-Term 1.0C SWL - Moderate Emissions,Kashmore,SUGARCANE,2025,0.08937273731946149,49.4185666390175,4.416672574933214,31.00876501768768,67.82836826034732
rcp_4.5,Composite RCP 4.5 / Near-Term 1.0C SWL - Moderate Emissions,Kashmore,WHEAT,2025,41.180504553942455,2.9041380455167283,119.59387000867918,2.2042694912123872,3.6040065998210693
rcp_4.5,Composite RCP 4.5 / Near-Term 1.0C SWL - Moderate Emissions,Khairpur,COTTON,2025,81.74293129072817,4.350231496069875,355.60067428200136,1.867011837838322,6.833451154301428
rcp_4.5,Composite RCP 4.5 / Near-Term 1.0C SWL - Moderate Emissions,Khairpur,RICE,2025,8.440489310620706,3.1079216961197424,26.23237985434486,1.878144875662739,4.337698516576745
rcp_4.5,Composite RCP 4.5 / Near-Term 1.0C SWL - Moderate Emissions,Khairpur,SUGARCANE,2025,23.158410502648508,64.23131261349101,1487.49510462717,45.821510992161194,82.64111423482083
rcp_4.5,Composite RCP 4.5 / Near-Term 1.0C SWL - Moderate Emissions,Khairpur,WHEAT,2025,105.93816965816819,3.6430356635494547,385.93653019585946,2.943167109245114,4.342904217853795
rcp_4.5,Composite RCP 4.5 / Near-Term 1.0C SWL - Moderate Emissions,Larkana,COTTON,2025,0.23234785259711543,4.102665037390309,0.9532454113629025,1.6194453791587557,6.5858846956218615
rcp_4.5,Composite RCP 4.5 / Near-Term 1.0C SWL - Moderate Emissions,Larkana,RICE,2025,102.024897298121,3.3451700308192986,341.2906288390912,2.115393210362295,4.574946851276302
rcp_4.5,Composite RCP 4.5 / Near-Term 1.0C SWL - Moderate Emissions,Larkana,SUGARCANE,2025,0.6961552532296746,56.66523044579957,39.44779785031347,38.25542882446975,75.0750320671294
rcp_4.5,Composite RCP 4.5 / Near-Term 1.0C SWL - Moderate Emissions,Larkana,WHEAT,2025,52.33837811059007,3.276029615395541,171.46207671206278,2.5761610610912005,3.9758981696998816
rcp_4.5,Composite RCP 4.5 / Near-Term 1.0C SWL - Moderate Emissions,Matiari,COTTON,2025,40.43170953850813,6.501288668973386,262.8582150899261,4.018069010741833,8.984508327204939
rcp_4.5,Composite RCP 4.5 / Near-Term 1.0C SWL - Moderate Emissions,Matiari,RICE,2025,0.8474006325978469,2.3312537760598464,1.9755059245792332,1.101476955602843,3.56103059651685
rcp_4.5,Composite RCP 4.5 / Near-Term 1.0C SWL - Moderate Emissions,Matiari,SUGARCANE,2025,13.304736481079317,42.95582112539546,571.5158804017666,24.54601950406564,61.36562274672528
rcp_4.5,Composite RCP 4.5 / Near-Term 1.0C SWL - Moderate Emissions,Matiari,WHEAT,2025,42.07977325559227,3.900273992595328,164.12264524309498,3.2004054382909874,4.600142546899669
rcp_4.5,Composite RCP 4.5 / Near-Term 1.0C SWL - Moderate Emissions,Mirpurkhas,COTTON,2025,29.704283373347266,6.5971861161193575,195.96468585992164,4.113966457887805,9.080405774350911
rcp_4.5,Composite RCP 4.5 / Near-Term 1.0C SWL - Moderate Emissions,Mirpurkhas,SUGARCANE,2025,19.055146907511016,58.33892740410236,1111.6568321117907,39.92912578277254,76.74872902543217
rcp_4.5,Composite RCP 4.5 / Near-Term 1.0C SWL - Moderate Emissions,Mirpurkhas,WHEAT,2025,55.32331504134754,3.2854398880541913,181.76142597623164,2.5855713337498507,3.985308442358532
rcp_4.5,Composite RCP 4.5 / Near-Term 1.0C SWL - Moderate Emissions,Nawabshah,COTTON,2025,61.82248351815838,4.142722023308651,256.1133640063108,1.6595023650770981,6.625941681540204
rcp_4.5,Composite RCP 4.5 / Near-Term 1.0C SWL - Moderate Emissions,Nawabshah,RICE,2025,10.222468655919897,2.649593464582475,27.085386142624557,1.4198166441254716,3.8793702850394784
rcp_4.5,Composite RCP 4.5 / Near-Term 1.0C SWL - Moderate Emissions,Nawabshah,SUGARCANE,2025,36.45111695438413,67.98080605418191,2477.97631213429,49.57100443285209,86.39060767551173
rcp_4.5,Composite RCP 4.5 / Near-Term 1.0C SWL - Moderate Emissions,Nawabshah,WHEAT,2025,92.76762509050695,3.2270994481093043,299.37035173198586,2.5272308938049637,3.926968002413645
rcp_4.5,Composite RCP 4.5 / Near-Term 1.0C SWL - Moderate Emissions,Sanghar,COTTON,2025,114.1307362524295,5.488321595974138,626.3861845386373,3.0051019377425847,7.9715412542056905
rcp_4.5,Composite RCP 4.5 / Near-Term 1.0C SWL - Moderate Emissions,Sanghar,RICE,2025,7.332498380397027,3.1088827227605833,22.795877529486276,1.8791059023035799,4.338659543217586
rcp_4.5,Composite RCP 4.5 / Near-Term 1.0C SWL - Moderate Emissions,Sanghar,SUGARCANE,2025,14.298380397088437,59.16362803287476,845.9440592858884,40.75382641154494,77.57342965420457
rcp_4.5,Composite RCP 4.5 / Near-Term 1.0C SWL - Moderate Emissions,Sanghar,WHEAT,2025,107.77841126481479,3.5640512073592223,384.12777679562197,2.8641826530548817,4.263919761663563
rcp_4.5,Composite RCP 4.5 / Near-Term 1.0C SWL - Moderate Emissions,Tharparkar,COTTON,2025,0.9310643649251116,4.744165786117857,4.4171237047512655,2.260946127886304,7.22738544434941
rcp_4.5,Composite RCP 4.5 / Near-Term 1.0C SWL - Moderate Emissions,Tharparkar,SUGARCANE,2025,0.4922114248694953,56.45836098050097,27.7894503040087,38.04855935917115,74.86816260183079
rcp_4.5,Composite RCP 4.5 / Near-Term 1.0C SWL - Moderate Emissions,Tharparkar,WHEAT,2025,2.208946305399934,3.2521844331414584,7.183900788067003,2.552315878837118,3.952052987445799
rcp_4.5,Composite RCP 4.5 / Near-Term 1.0C SWL - Moderate Emissions,Thatta,COTTON,2025,6.20801989253448,4.005020709129477,24.863248232288342,1.521801050897924,6.48824036736103
rcp_4.5,Composite RCP 4.5 / Near-Term 1.0C SWL - Moderate Emissions,Thatta,RICE,2025,86.67400708814421,2.4397962480955915,211.46691730106494,1.210019427638588,3.669573068552595
rcp_4.5,Composite RCP 4.5 / Near-Term 1.0C SWL - Moderate Emissions,Thatta,SUGARCANE,2025,38.223687359475434,60.474303554816885,2311.5508723613343,42.064501933487065,78.8841051761467
rcp_4.5,Composite RCP 4.5 / Near-Term 1.0C SWL - Moderate Emissions,Thatta,WHEAT,2025,19.856964292519137,3.0095286365263103,59.76010267281675,2.3096600822219697,3.709397190830651
rcp_4.5,Composite RCP 4.5 / Near-Term 1.0C SWL - Moderate Emissions,Umarkot,COTTON,2025,21.14404214778415,6.9303865745253335,146.53638583220106,4.447166916293781,9.413606232756887
rcp_4.5,Composite RCP 4.5 / Near-Term 1.0C SWL - Moderate Emissions,Umarkot,SUGARCANE,2025,1.5808871613125177,60.28479286332047,95.30345506000782,41.87499124199065,78.69459448465028
rcp_4.5,Composite RCP 4.5 / Near-Term 1.0C SWL - Moderate Emissions,Umarkot,WHEAT,2025,36.304680080789666,3.4825565658139093,126.4331019851275,2.7826880115095687,4.18242512011825
rcp_4.5,Composite RCP 4.5 / Near-Term 1.0C SWL - Moderate Emissions,Badin,COTTON,2026,14.907894135131983,5.008493858750724,74.66609622271447,2.5252742005191715,7.491713516982277
rcp_4.5,Composite RCP 4.5 / Near-Term 1.0C SWL - Moderate Emissions,Badin,RICE,2026,122.19404024236701,2.6179891851086516,319.9026758392482,1.3882123646516482,3.847766005565655
rcp_4.5,Composite RCP 4.5 / Near-Term 1.0C SWL - Moderate Emissions,Badin,SUGARCANE,2026,25.079921115811885,46.558598630201935,1167.6859809082118,28.148797008872116,64.96840025153176
rcp_4.5,Composite RCP 4.5 / Near-Term 1.0C SWL - Moderate Emissions,Badin,WHEAT,2026,34.91463930490454,3.4932549858285507,121.96573783026327,2.79338643152421,4.193123540132891
rcp_4.5,Composite RCP 4.5 / Near-Term 1.0C SWL - Moderate Emissions,Dadu,COTTON,2026,10.537564879387446,4.450757933018701,46.90015048163293,1.967538274787148,6.933977591250254
rcp_4.5,Composite RCP 4.5 / Near-Term 1.0C SWL - Moderate Emissions,Dadu,RICE,2026,49.322459128844116,2.785834250540914,137.40419596203833,1.5560574300839107,4.015611070997918
rcp_4.5,Composite RCP 4.5 / Near-Term 1.0C SWL - Moderate Emissions,Dadu,SUGARCANE,2026,6.4381102092145,44.31195434234412,285.2852456416925,25.902152721014303,62.72175596367394
rcp_4.5,Composite RCP 4.5 / Near-Term 1.0C SWL - Moderate Emissions,Dadu,WHEAT,2026,81.77092145878578,3.2995886228159916,269.8104021225896,2.599720068511651,3.999457177120332
rcp_4.5,Composite RCP 4.5 / Near-Term 1.0C SWL - Moderate Emissions,Ghotki,COTTON,2026,83.88876757745547,4.2009715851705165,352.4143289078641,1.7177519269389636,6.684191243402069
rcp_4.5,Composite RCP 4.5 / Near-Term 1.0C SWL - Moderate Emissions,Ghotki,RICE,2026,44.33272093289088,3.111622296787923,137.94668293205993,1.8818454763309194,4.341399117244926
rcp_4.5,Composite RCP 4.5 / Near-Term 1.0C SWL - Moderate Emissions,Ghotki,SUGARCANE,2026,55.28226020349712,61.495347523907625,3399.6018031211433,43.085545902577806,79.90514914523744
rcp_4.5,Composite RCP 4.5 / Near-Term 1.0C SWL - Moderate Emissions,Ghotki,WHEAT,2026,112.64838801874862,3.478475212446658,391.84462544529015,2.7786066581423174,4.178343766750999
rcp_4.5,Composite RCP 4.5 / Near-Term 1.0C SWL - Moderate Emissions,Hyderabad,COTTON,2026,3.4124999999999996,5.149946505799765,17.574192451041696,2.6667268475682118,7.6331661640313175
rcp_4.5,Composite RCP 4.5 / Near-Term 1.0C SWL - Moderate Emissions,Hyderabad,RICE,2026,0.5025000000000001,2.904934294112993,1.459729482791779,1.6751574736559895,4.134711114569996
rcp_4.5,Composite RCP 4.5 / Near-Term 1.0C SWL - Moderate Emissions,Hyderabad,SUGARCANE,2026,2.5425,36.35112815898626,92.42274334422257,17.941326537656444,54.76092978031608
rcp_4.5,Composite RCP 4.5 / Near-Term 1.0C SWL - Moderate Emissions,Hyderabad,WHEAT,2026,8.865,3.1556251072705646,27.974616575953554,2.455756552966224,3.855493661574905
rcp_4.5,Composite RCP 4.5 / Near-Term 1.0C SWL - Moderate Emissions,Jacobabad,RICE,2026,101.46668457756869,2.7965566433190467,283.757330830958,1.5667798228620433,4.02633346377605
rcp_4.5,Composite RCP 4.5 / Near-Term 1.0C SWL - Moderate Emissions,Jacobabad,SUGARCANE,2026,0.14145421287298476,36.29172712284819,5.133617693963642,17.881925501518367,54.701528744178006
rcp_4.5,Composite RCP 4.5 / Near-Term 1.0C SWL - Moderate Emissions,Jacobabad,WHEAT,2026,30.699229450096823,3.020473555425924,92.72621072597018,2.3206050011215833,3.7203421097302645
rcp_4.5,Composite RCP 4.5 / Near-Term 1.0C SWL - Moderate Emissions,Jamshoro,COTTON,2026,15.472910712244328,3.6385669507935425,56.299221550151586,1.1553472925619896,6.121786609025095
rcp_4.5,Composite RCP 4.5 / Near-Term 1.0C SWL - Moderate Emissions,Jamshoro,RICE,2026,0.47533554361493024,2.4467342890088872,1.1630197733473293,1.2169574685518838,3.6765111094658907
rcp_4.5,Composite RCP 4.5 / Near-Term 1.0C SWL - Moderate Emissions,Jamshoro,SUGARCANE,2026,0.513108494340915,57.38380478084905,29.444117670654453,38.97400315951923,75.79360640217887
rcp_4.5,Composite RCP 4.5 / Near-Term 1.0C SWL - Moderate Emissions,Jamshoro,WHEAT,2026,37.811926374756695,3.4812086730935086,131.6312060421762,2.781340118789168,4.181077227397849
rcp_4.5,Composite RCP 4.5 / Near-Term 1.0C SWL - Moderate Emissions,Karachi,COTTON,2026,0.4836286726877699,3.63615515193029,1.7585488898148425,1.1529354936987373,6.119374810161843
rcp_4.5,Composite RCP 4.5 / Near-Term 1.0C SWL - Moderate Emissions,Karachi,WHEAT,2026,1.4846678861323497,3.181615079168475,4.723641734075868,2.4817465248641346,3.8814836334728158
rcp_4.5,Composite RCP 4.5 / Near-Term 1.0C SWL - Moderate Emissions,Kashmore,RICE,2026,87.24284211729764,3.547827940344897,309.52259285884713,2.3180511198878935,4.7776047608019
rcp_4.5,Composite RCP 4.5 / Near-Term 1.0C SWL - Moderate Emissions,Kashmore,SUGARCANE,2026,0.09052017834686144,47.598945823694116,4.308665065083387,29.189144202364297,66.00874744502394
rcp_4.5,Composite RCP 4.5 / Near-Term 1.0C SWL - Moderate Emissions,Kashmore,WHEAT,2026,41.90716359894827,3.0371705292825233,127.27920224854702,2.3373019749781827,3.737039083586864
rcp_4.5,Composite RCP 4.5 / Near-Term 1.0C SWL - Moderate Emissions,Khairpur,COTTON,2026,82.11769063678958,3.5570248700102125,292.09466786286526,1.0738052117786596,6.040244528241765
rcp_4.5,Composite RCP 4.5 / Near-Term 1.0C SWL - Moderate Emissions,Khairpur,RICE,2026,8.591720589916406,2.5301729744222734,21.738539240393884,1.30039615396527,3.759949794879277
rcp_4.5,Composite RCP 4.5 / Near-Term 1.0C SWL - Moderate Emissions,Khairpur,SUGARCANE,2026,23.38068023322279,46.65101337577407,1090.7324262947727,28.24121175444425,65.06081499710389
rcp_4.5,Composite RCP 4.5 / Near-Term 1.0C SWL - Moderate Emissions,Khairpur,WHEAT,2026,106.12868069052212,3.624841896723929,384.6996882110404,2.9249733424195883,4.3247104510282695
rcp_4.5,Composite RCP 4.5 / Near-Term 1.0C SWL - Moderate Emissions,Larkana,COTTON,2026,0.10500000000000001,3.3464232817773807,0.351374444586625,0.8632036235458278,5.829642940008934
rcp_4.5,Composite RCP 4.5 / Near-Term 1.0C SWL - Moderate Emissions,Larkana,RICE,2026,101.0804527266489,2.804388925168012,283.46890217758295,1.5746121047110084,4.034165745625016
rcp_4.5,Composite RCP 4.5 / Near-Term 1.0C SWL - Moderate Emissions,Larkana,SUGARCANE,2026,0.7038870469875338,44.242063288654506,31.141415280886598,25.832261667324687,62.651864909984326
rcp_4.5,Composite RCP 4.5 / Near-Term 1.0C SWL - Moderate Emissions,Larkana,WHEAT,2026,52.44286383903028,3.333730049267084,174.8303510497974,2.6338614949627432,4.033598603571424
rcp_4.5,Composite RCP 4.5 / Near-Term 1.0C SWL - Moderate Emissions,Matiari,COTTON,2026,40.99593346290135,4.777634918738844,195.86360323865173,2.294415260507291,7.260854576970397
rcp_4.5,Composite RCP 4.5 / Near-Term 1.0C SWL - Moderate Emissions,Matiari,RICE,2026,0.8475808848748183,2.7183245525673723,2.3039999296419977,1.4885477321103688,3.9481013730243757
rcp_4.5,Composite RCP 4.5 / Near-Term 1.0C SWL - Moderate Emissions,Matiari,SUGARCANE,2026,13.45952898136511,38.990576802963986,524.7947984796359,20.580775181634166,57.400378424293805
rcp_4.5,Composite RCP 4.5 / Near-Term 1.0C SWL - Moderate Emissions,Matiari,WHEAT,2026,42.42528524065381,3.5794165515056644,151.8577681927452,2.879547997201324,4.279285105810005
rcp_4.5,Composite RCP 4.5 / Near-Term 1.0C SWL - Moderate Emissions,Mirpurkhas,COTTON,2026,29.29948553789893,5.3233752173954265,155.97215519488688,2.8401555591638736,7.806594875626979
rcp_4.5,Composite RCP 4.5 / Near-Term 1.0C SWL - Moderate Emissions,Mirpurkhas,SUGARCANE,2026,19.378331999542524,63.143576909815906,1223.61719699706,44.733775288486086,81.55337853114573
rcp_4.5,Composite RCP 4.5 / Near-Term 1.0C SWL - Moderate Emissions,Mirpurkhas,WHEAT,2026,54.64946838916194,3.3214780425422505,181.51700929120818,2.62160948823791,4.021346596846591
rcp_4.5,Composite RCP 4.5 / Near-Term 1.0C SWL - Moderate Emissions,Nawabshah,COTTON,2026,62.20905224648425,3.799394811165098,236.35675031279075,1.3161751529335453,6.282614469396651
rcp_4.5,Composite RCP 4.5 / Near-Term 1.0C SWL - Moderate Emissions,Nawabshah,RICE,2026,10.522995312678404,2.7161089045101123,28.581601270883986,1.486332084053109,3.9458857249671158
rcp_4.5,Composite RCP 4.5 / Near-Term 1.0C SWL - Moderate Emissions,Nawabshah,SUGARCANE,2026,36.980586486795346,46.27942653214877,1711.4403354314188,27.86962491081895,64.68922815347858
rcp_4.5,Composite RCP 4.5 / Near-Term 1.0C SWL - Moderate Emissions,Nawabshah,WHEAT,2026,93.49597919286589,3.29782843399975,308.3336986468821,2.5979598796954093,3.9976969883040905
rcp_4.5,Composite RCP 4.5 / Near-Term 1.0C SWL - Moderate Emissions,Sanghar,COTTON,2026,114.20389733622966,4.93391914166661,563.4727951201519,2.4506994834350575,7.417138799898163
rcp_4.5,Composite RCP 4.5 / Near-Term 1.0C SWL - Moderate Emissions,Sanghar,RICE,2026,7.4151091802903295,2.8562196909494095,21.179180851284976,1.626442870492406,4.085996511406413
rcp_4.5,Composite RCP 4.5 / Near-Term 1.0C SWL - Moderate Emissions,Sanghar,SUGARCANE,2026,14.399180290385175,58.51309439179088,842.5405954957225,40.10329277046106,76.92289601312069
rcp_4.5,Composite RCP 4.5 / Near-Term 1.0C SWL - Moderate Emissions,Sanghar,WHEAT,2026,107.5794523836746,3.6056510941158555,387.89397019158093,2.905782539811515,4.305519648420196
rcp_4.5,Composite RCP 4.5 / Near-Term 1.0C SWL - Moderate Emissions,Tharparkar,COTTON,2026,0.9353081056362118,3.904380813896508,3.651799022727914,1.4211611556649553,6.387600472128061
rcp_4.5,Composite RCP 4.5 / Near-Term 1.0C SWL - Moderate Emissions,Tharparkar,SUGARCANE,2026,0.47739453526925146,58.18555327831168,27.777465166683875,39.77575165698186,76.5953548996415
rcp_4.5,Composite RCP 4.5 / Near-Term 1.0C SWL - Moderate Emissions,Tharparkar,WHEAT,2026,2.2275020006859307,3.0872931450305865,6.876951657259591,2.387424590726246,3.787161699334927
rcp_4.5,Composite RCP 4.5 / Near-Term 1.0C SWL - Moderate Emissions,Thatta,COTTON,2026,6.3799531267862335,2.9889142123393753,19.06913257471041,0.5056945541078224,5.472133870570929
rcp_4.5,Composite RCP 4.5 / Near-Term 1.0C SWL - Moderate Emissions,Thatta,RICE,2026,88.0745809991995,2.8920663055681297,254.71752808481588,1.6622894851111263,4.121843126025134
rcp_4.5,Composite RCP 4.5 / Near-Term 1.0C SWL - Moderate Emissions,Thatta,SUGARCANE,2026,38.62966388476036,59.72777946820721,2307.2640454399357,41.31797784687739,78.13758108953704
rcp_4.5,Composite RCP 4.5 / Near-Term 1.0C SWL - Moderate Emissions,Thatta,WHEAT,2026,20.05052475134312,3.294751949562598,66.06150551424086,2.5948833952582575,3.9946205038669387
rcp_4.5,Composite RCP 4.5 / Near-Term 1.0C SWL - Moderate Emissions,Umarkot,COTTON,2026,21.108099919972716,5.79981630082735,122.42310199535024,3.3165966425957967,8.283035959058903
rcp_4.5,Composite RCP 4.5 / Near-Term 1.0C SWL - Moderate Emissions,Umarkot,SUGARCANE,2026,1.4707831256431518,60.36762645787937,88.78768632937805,41.95782483654955,78.77742807920919
rcp_4.5,Composite RCP 4.5 / Near-Term 1.0C SWL - Moderate Emissions,Umarkot,WHEAT,2026,36.38038984794795,3.412918965517119,124.16332248496802,2.7130504112127785,4.11278751982146
rcp_4.5,Composite RCP 4.5 / Near-Term 1.0C SWL - Moderate Emissions,Badin,COTTON,2027,15.046699439807867,3.8701800754365188,58.23343637302624,1.3869604172049659,6.353399733668072
rcp_4.5,Composite RCP 4.5 / Near-Term 1.0C SWL - Moderate Emissions,Badin,RICE,2027,124.1359414656431,2.875660061432315,356.9727690610495,1.6458832409753117,4.105436881889318
rcp_4.5,Composite RCP 4.5 / Near-Term 1.0C SWL - Moderate Emissions,Badin,SUGARCANE,2027,24.541629892154106,40.49881380354332,993.9068994378221,22.0890121822135,58.90861542487314
rcp_4.5,Composite RCP 4.5 / Near-Term 1.0C SWL - Moderate Emissions,Badin,WHEAT,2027,35.09931252619947,3.2579503835105754,114.3518187056891,2.558081829206235,3.957818937814916
rcp_4.5,Composite RCP 4.5 / Near-Term 1.0C SWL - Moderate Emissions,Dadu,COTTON,2027,10.485966236043069,3.804948333384357,39.898559753756714,1.3217286751528041,6.28816799161591
rcp_4.5,Composite RCP 4.5 / Near-Term 1.0C SWL - Moderate Emissions,Dadu,RICE,2027,49.656726115620586,3.1814746676330836,157.98161621444106,1.9516978471760802,4.4112514880900875
rcp_4.5,Composite RCP 4.5 / Near-Term 1.0C SWL - Moderate Emissions,Dadu,SUGARCANE,2027,6.56093060477869,36.106312780272326,236.89101254580066,17.696511158942506,54.516114401602145
rcp_4.5,Composite RCP 4.5 / Near-Term 1.0C SWL - Moderate Emissions,Dadu,WHEAT,2027,82.71714454479616,3.454030105286706,285.7075074810779,2.7541615509823654,4.1538986595910465
rcp_4.5,Composite RCP 4.5 / Near-Term 1.0C SWL - Moderate Emissions,Ghotki,COTTON,2027,83.81845928127774,4.282332465891698,358.938509421237,1.799112807660145,6.765552124123251
rcp_4.5,Composite RCP 4.5 / Near-Term 1.0C SWL - Moderate Emissions,Ghotki,RICE,2027,45.43846652185448,3.04256999583633,138.24971489620802,1.8127931753793267,4.272346816293334
rcp_4.5,Composite RCP 4.5 / Near-Term 1.0C SWL - Moderate Emissions,Ghotki,SUGARCANE,2027,56.70822758278882,57.37050034025664,3253.379389833737,38.96069871892682,75.78030196158646
rcp_4.5,Composite RCP 4.5 / Near-Term 1.0C SWL - Moderate Emissions,Ghotki,WHEAT,2027,113.65113257878829,3.4773298535743953,395.20247620876205,2.7774612992700547,4.177198407878736
rcp_4.5,Composite RCP 4.5 / Near-Term 1.0C SWL - Moderate Emissions,Hyderabad,COTTON,2027,3.4124999999999996,4.2447651488973595,14.485261070612237,1.7615454906658066,6.727984807128912
rcp_4.5,Composite RCP 4.5 / Near-Term 1.0C SWL - Moderate Emissions,Hyderabad,RICE,2027,0.5025000000000001,2.8837257808673007,1.4490722048858187,1.6539489604102973,4.113502601324305
rcp_4.5,Composite RCP 4.5 / Near-Term 1.0C SWL - Moderate Emissions,Hyderabad,SUGARCANE,2027,2.5425,32.3590570871622,82.27290264410989,13.94925546583238,50.76885870849202
rcp_4.5,Composite RCP 4.5 / Near-Term 1.0C SWL - Moderate Emissions,Hyderabad,WHEAT,2027,8.865,3.348569259601807,29.68506648637002,2.6487007052974665,4.048437813906148
rcp_4.5,Composite RCP 4.5 / Near-Term 1.0C SWL - Moderate Emissions,Jacobabad,RICE,2027,102.73058000838273,3.0442065218855783,312.7331016586069,1.8144297014285748,4.273983342342582
rcp_4.5,Composite RCP 4.5 / Near-Term 1.0C SWL - Moderate Emissions,Jacobabad,SUGARCANE,2027,0.14212720551808222,31.47637858314873,4.473649727852141,13.06657696181891,49.88618020447855
rcp_4.5,Composite RCP 4.5 / Near-Term 1.0C SWL - Moderate Emissions,Jacobabad,WHEAT,2027,30.89930261804011,3.261391632085357,100.77472699574918,2.5615230777810165,3.9612601863896977
rcp_4.5,Composite RCP 4.5 / Near-Term 1.0C SWL - Moderate Emissions,Jamshoro,COTTON,2027,15.532129873099478,3.329127618211025,51.70844253017598,0.8459079599794723,5.812347276442578
rcp_4.5,Composite RCP 4.5 / Near-Term 1.0C SWL - Moderate Emissions,Jamshoro,RICE,2027,0.48072405777216254,2.682692037533489,1.2896346020361695,1.4529152170764856,3.9124688579904925
rcp_4.5,Composite RCP 4.5 / Near-Term 1.0C SWL - Moderate Emissions,Jamshoro,SUGARCANE,2027,0.5133573415647249,57.982788545191184,29.76589018406893,39.572986923861365,76.392590166521
rcp_4.5,Composite RCP 4.5 / Near-Term 1.0C SWL - Moderate Emissions,Jamshoro,WHEAT,2027,38.06841012156508,3.2846759011511395,125.04238932144294,2.584807346846799,3.98454445545548
rcp_4.5,Composite RCP 4.5 / Near-Term 1.0C SWL - Moderate Emissions,Karachi,COTTON,2027,0.4916916276056451,3.151198931582578,1.5494181315790077,0.6679792733510252,5.634418589814131
rcp_4.5,Composite RCP 4.5 / Near-Term 1.0C SWL - Moderate Emissions,Karachi,WHEAT,2027,1.5077558019892194,2.998702606388938,4.521311253223116,2.2988340520845973,3.6985711606932785
rcp_4.5,Composite RCP 4.5 / Near-Term 1.0C SWL - Moderate Emissions,Kashmore,RICE,2027,88.84586601120418,3.238862964966076,287.7595850140275,2.0090861445090726,4.468639785423079
rcp_4.5,Composite RCP 4.5 / Near-Term 1.0C SWL - Moderate Emissions,Kashmore,SUGARCANE,2027,0.09166761937426093,45.83619290424415,4.201694684711453,27.42639128291433,64.24599452557396
rcp_4.5,Composite RCP 4.5 / Near-Term 1.0C SWL - Moderate Emissions,Kashmore,WHEAT,2027,42.63382264395432,3.333122213093027,142.10374128363262,2.6332536587886866,4.032990767397368
rcp_4.5,Composite RCP 4.5 / Near-Term 1.0C SWL - Moderate Emissions,Khairpur,COTTON,2027,82.4924499828511,3.746753509646643,309.07887649259754,1.2635338514150902,6.229973167878196
rcp_4.5,Composite RCP 4.5 / Near-Term 1.0C SWL - Moderate Emissions,Khairpur,RICE,2027,8.742951869212163,2.9003453718891947,25.357579990519483,1.6705685514321913,4.130122192346198
rcp_4.5,Composite RCP 4.5 / Near-Term 1.0C SWL - Moderate Emissions,Khairpur,SUGARCANE,2027,23.602949963797073,39.538936642830734,933.2355432024765,21.129135021500915,57.94873826416055
rcp_4.5,Composite RCP 4.5 / Near-Term 1.0C SWL - Moderate Emissions,Khairpur,WHEAT,2027,106.31919172287604,3.626867450276822,385.60561579944,2.9269988959724813,4.3267360045811625
rcp_4.5,Composite RCP 4.5 / Near-Term 1.0C SWL - Moderate Emissions,Larkana,COTTON,2027,0.10500000000000001,3.258746044553205,0.34216833467808655,0.7755263863216522,5.741965702784758
rcp_4.5,Composite RCP 4.5 / Near-Term 1.0C SWL - Moderate Emissions,Larkana,RICE,2027,100.1360081551768,3.21032995756177,321.4696268112138,1.9805531371047667,4.440106778018773
rcp_4.5,Composite RCP 4.5 / Near-Term 1.0C SWL - Moderate Emissions,Larkana,SUGARCANE,2027,0.7116188407453929,35.400219668512584,25.191463282639184,16.990418047182764,53.8100212898424
rcp_4.5,Composite RCP 4.5 / Near-Term 1.0C SWL - Moderate Emissions,Larkana,WHEAT,2027,52.54734956747052,3.4508007041086266,181.3304308864694,2.750932149804286,4.150669258412967
rcp_4.5,Composite RCP 4.5 / Near-Term 1.0C SWL - Moderate Emissions,Matiari,COTTON,2027,41.56015738729434,3.9104693362573446,162.51972107304368,1.4272496780257917,6.3936889944888975
rcp_4.5,Composite RCP 4.5 / Near-Term 1.0C SWL - Moderate Emissions,Matiari,RICE,2027,0.8477611371517899,2.5923142937157273,2.197663313495284,1.3625374732587239,3.8220911141727307
rcp_4.5,Composite RCP 4.5 / Near-Term 1.0C SWL - Moderate Emissions,Matiari,SUGARCANE,2027,13.614321481650961,32.637834967501135,444.3419777126296,14.228033346171316,51.047636588830954
rcp_4.5,Composite RCP 4.5 / Near-Term 1.0C SWL - Moderate Emissions,Matiari,WHEAT,2027,42.77079722571534,3.5348735130972386,151.18935824723403,2.835004958792898,4.234742067401579
rcp_4.5,Composite RCP 4.5 / Near-Term 1.0C SWL - Moderate Emissions,Mirpurkhas,COTTON,2027,28.894687702450597,4.746616022872628,137.15198762435267,2.263396364641075,7.229835681104181
rcp_4.5,Composite RCP 4.5 / Near-Term 1.0C SWL - Moderate Emissions,Mirpurkhas,SUGARCANE,2027,19.701517091574033,45.25896171577177,891.6702077901723,26.84916009444195,63.66876333710159
rcp_4.5,Composite RCP 4.5 / Near-Term 1.0C SWL - Moderate Emissions,Mirpurkhas,WHEAT,2027,53.975621736976564,3.436560834944693,185.4905077030831,2.7366922806403524,4.136429389249034
rcp_4.5,Composite RCP 4.5 / Near-Term 1.0C SWL - Moderate Emissions,Nawabshah,COTTON,2027,62.59562097481023,3.5052213091292046,219.41150449907983,1.0220016508976517,5.9884409673607575
rcp_4.5,Composite RCP 4.5 / Near-Term 1.0C SWL - Moderate Emissions,Nawabshah,RICE,2027,10.82352196943691,2.945847938788824,31.884449884101276,1.7160711183318207,4.175624759245828
rcp_4.5,Composite RCP 4.5 / Near-Term 1.0C SWL - Moderate Emissions,Nawabshah,SUGARCANE,2027,37.51005601920633,40.654129760814925,1524.9386847402511,22.244328139485106,59.063931382144744
rcp_4.5,Composite RCP 4.5 / Near-Term 1.0C SWL - Moderate Emissions,Nawabshah,WHEAT,2027,94.2243332952246,3.45141044585138,325.20684818852015,2.7515418915470393,4.1512790001557205
rcp_4.5,Composite RCP 4.5 / Near-Term 1.0C SWL - Moderate Emissions,Sanghar,COTTON,2027,114.27705842002985,4.182575971321834,477.97247862095827,1.6993563130902807,6.6657956295533864
rcp_4.5,Composite RCP 4.5 / Near-Term 1.0C SWL - Moderate Emissions,Sanghar,RICE,2027,7.497719980183632,2.822939318648512,21.165608532276917,1.5931624981915085,4.052716139105515
rcp_4.5,Composite RCP 4.5 / Near-Term 1.0C SWL - Moderate Emissions,Sanghar,SUGARCANE,2027,14.499980183681942,43.85103954695811,635.8392044647458,25.441237925628293,62.26084116828793
rcp_4.5,Composite RCP 4.5 / Near-Term 1.0C SWL - Moderate Emissions,Sanghar,WHEAT,2027,107.38049350253442,3.555748691080727,381.8180492192393,2.8558801367763866,4.255617245385068
rcp_4.5,Composite RCP 4.5 / Near-Term 1.0C SWL - Moderate Emissions,Tharparkar,COTTON,2027,0.939551846347312,3.9949520109365766,3.753464537944368,1.5117323527050237,6.4781716691681295
rcp_4.5,Composite RCP 4.5 / Near-Term 1.0C SWL - Moderate Emissions,Tharparkar,SUGARCANE,2027,0.46257764566901116,57.599326278487155,26.644160742023793,39.189524657157335,76.00912789981697
rcp_4.5,Composite RCP 4.5 / Near-Term 1.0C SWL - Moderate Emissions,Tharparkar,WHEAT,2027,2.2460576959719347,2.868114539934322,6.441950735348489,2.168245985629981,3.567983094238663
rcp_4.5,Composite RCP 4.5 / Near-Term 1.0C SWL - Moderate Emissions,Thatta,COTTON,2027,6.55188636103793,3.6988301474695398,24.23431479500159,1.2156104892379869,6.182049805701093
rcp_4.5,Composite RCP 4.5 / Near-Term 1.0C SWL - Moderate Emissions,Thatta,RICE,2027,89.47515491025479,2.7324438823367903,244.48583965566232,1.5026670618797868,3.9622207027937937
rcp_4.5,Composite RCP 4.5 / Near-Term 1.0C SWL - Moderate Emissions,Thatta,SUGARCANE,2027,39.035640410045175,44.97776198465342,1755.7357432815306,26.5679603633236,63.38756360598324
rcp_4.5,Composite RCP 4.5 / Near-Term 1.0C SWL - Moderate Emissions,Thatta,WHEAT,2027,20.2440852101671,3.217660760201399,65.13859860692817,2.5177922058970585,3.9175293145057397
rcp_4.5,Composite RCP 4.5 / Near-Term 1.0C SWL - Moderate Emissions,Umarkot,COTTON,2027,21.072157692161284,5.093707087112367,107.33539897731131,2.6104874288808144,7.57692674534392
rcp_4.5,Composite RCP 4.5 / Near-Term 1.0C SWL - Moderate Emissions,Umarkot,SUGARCANE,2027,1.3606790899737575,61.734603737146834,84.00098443295148,43.324802115817015,80.14440535847666
rcp_4.5,Composite RCP 4.5 / Near-Term 1.0C SWL - Moderate Emissions,Umarkot,WHEAT,2027,36.45609961510621,3.2060970387764502,116.8817930213313,2.5062284844721097,3.905965593080791
rcp_4.5,Composite RCP 4.5 / Near-Term 1.0C SWL - Moderate Emissions,Badin,COTTON,2028,15.185504744483751,3.758523408972854,57.07507505921052,1.2753037507413012,6.241743067204407
rcp_4.5,Composite RCP 4.5 / Near-Term 1.0C SWL - Moderate Emissions,Badin,RICE,2028,126.07784268891965,2.816996711044296,355.1608681902468,1.5872198905872925,4.0467735315013
rcp_4.5,Composite RCP 4.5 / Near-Term 1.0C SWL - Moderate Emissions,Badin,SUGARCANE,2028,24.003338668496554,35.37412400419337,849.0970785740468,16.96432238286355,53.78392562552319
rcp_4.5,Composite RCP 4.5 / Near-Term 1.0C SWL - Moderate Emissions,Badin,WHEAT,2028,35.2839857474944,3.2818052628172616,115.79517011929637,2.581936708512921,3.981673817121602
rcp_4.5,Composite RCP 4.5 / Near-Term 1.0C SWL - Moderate Emissions,Dadu,COTTON,2028,10.434367592698706,3.7573085955117937,39.20513904477655,1.2740889372802409,6.240528253743347
rcp_4.5,Composite RCP 4.5 / Near-Term 1.0C SWL - Moderate Emissions,Dadu,RICE,2028,49.99099310239694,2.811963997202292,140.5728727883283,1.5821871767452884,4.041740817659296
rcp_4.5,Composite RCP 4.5 / Near-Term 1.0C SWL - Moderate Emissions,Dadu,SUGARCANE,2028,6.68375100034288,33.86634303168528,226.35420411598164,15.456541410355463,52.2761446530151
rcp_4.5,Composite RCP 4.5 / Near-Term 1.0C SWL - Moderate Emissions,Dadu,WHEAT,2028,83.66336763080653,3.548521742045857,296.88127905069257,2.848653187741516,4.248390296350197
rcp_4.5,Composite RCP 4.5 / Near-Term 1.0C SWL - Moderate Emissions,Ghotki,COTTON,2028,83.74815098510004,4.021388304633601,336.7838349061703,1.538168646402048,6.504607962865154
rcp_4.5,Composite RCP 4.5 / Near-Term 1.0C SWL - Moderate Emissions,Ghotki,RICE,2028,46.544212110818535,2.883176957529582,134.1951998642813,1.6534001370725786,4.1129537779865855
rcp_4.5,Composite RCP 4.5 / Near-Term 1.0C SWL - Moderate Emissions,Ghotki,SUGARCANE,2028,58.13419496208098,43.511975768949604,2529.5336825374598,25.102174147619785,61.92177739027942
rcp_4.5,Composite RCP 4.5 / Near-Term 1.0C SWL - Moderate Emissions,Ghotki,WHEAT,2028,114.65387713882774,3.593450382772259,412.0030186908441,2.8935818284679184,4.2933189370766
rcp_4.5,Composite RCP 4.5 / Near-Term 1.0C SWL - Moderate Emissions,Hyderabad,COTTON,2028,3.4124999999999996,3.536559679481524,12.0685099062307,1.053340021249971,6.019779337713077
rcp_4.5,Composite RCP 4.5 / Near-Term 1.0C SWL - Moderate Emissions,Hyderabad,RICE,2028,0.5025000000000001,2.735022062681921,1.3743485864976654,1.5052452422249174,3.9647988831389243
rcp_4.5,Composite RCP 4.5 / Near-Term 1.0C SWL - Moderate Emissions,Hyderabad,SUGARCANE,2028,2.5425,31.423334062321807,79.89382685345319,13.013532440991987,49.833135683651626
rcp_4.5,Composite RCP 4.5 / Near-Term 1.0C SWL - Moderate Emissions,Hyderabad,WHEAT,2028,8.865,3.25906262635296,28.89159018261899,2.5591940720486193,3.9589311806573004
rcp_4.5,Composite RCP 4.5 / Near-Term 1.0C SWL - Moderate Emissions,Jacobabad,RICE,2028,103.99447543919723,2.840454442482053,295.39156975485855,1.6106776220250496,4.070231262939057
rcp_4.5,Composite RCP 4.5 / Near-Term 1.0C SWL - Moderate Emissions,Jacobabad,SUGARCANE,2028,0.14280019816317946,28.585970097376677,4.082082194592112,10.176168476046858,46.99577171870649
rcp_4.5,Composite RCP 4.5 / Near-Term 1.0C SWL - Moderate Emissions,Jacobabad,WHEAT,2028,31.09937578598334,3.2319427836210686,100.51140314662865,2.532074229316728,3.931811337925409
rcp_4.5,Composite RCP 4.5 / Near-Term 1.0C SWL - Moderate Emissions,Jamshoro,COTTON,2028,15.591349033954643,2.822642606921944,44.008806082631665,0.339422948690391,5.305862265153497
rcp_4.5,Composite RCP 4.5 / Near-Term 1.0C SWL - Moderate Emissions,Jamshoro,RICE,2028,0.4861125719293966,2.693917520722288,1.3095471745639748,1.4641407002652844,3.9236943411792913
rcp_4.5,Composite RCP 4.5 / Near-Term 1.0C SWL - Moderate Emissions,Jamshoro,SUGARCANE,2028,0.5136061887885348,38.777574434790054,19.916402215916243,20.367772813460235,57.187376056119874
rcp_4.5,Composite RCP 4.5 / Near-Term 1.0C SWL - Moderate Emissions,Jamshoro,WHEAT,2028,38.32489386837358,3.248449081489019,124.49646628488229,2.5485805271846784,3.9483176357933596
rcp_4.5,Composite RCP 4.5 / Near-Term 1.0C SWL - Moderate Emissions,Karachi,COTTON,2028,0.49975458252352034,2.647185926995113,1.3229432978075808,0.16396626876356013,5.130405585226666
rcp_4.5,Composite RCP 4.5 / Near-Term 1.0C SWL - Moderate Emissions,Karachi,WHEAT,2028,1.530843717846082,3.1453754112554613,4.81507818858796,2.4455068569511207,3.845243965559802
rcp_4.5,Composite RCP 4.5 / Near-Term 1.0C SWL - Moderate Emissions,Kashmore,RICE,2028,90.44888990511072,2.8723064638773765,259.79693112498273,1.642529643420373,4.10208328433438
rcp_4.5,Composite RCP 4.5 / Near-Term 1.0C SWL - Moderate Emissions,Kashmore,SUGARCANE,2028,0.09281506040166088,33.35182391089523,3.0955515507952978,14.942022289565408,51.76162553222505
rcp_4.5,Composite RCP 4.5 / Near-Term 1.0C SWL - Moderate Emissions,Kashmore,WHEAT,2028,43.360481688960135,3.3945967744629852,147.19135128050542,2.6947282201586447,4.094465328767326
rcp_4.5,Composite RCP 4.5 / Near-Term 1.0C SWL - Moderate Emissions,Khairpur,COTTON,2028,82.86720932891262,3.1982872277459498,265.03313719561123,0.7150675695143969,5.681506885977503
rcp_4.5,Composite RCP 4.5 / Near-Term 1.0C SWL - Moderate Emissions,Khairpur,RICE,2028,8.89418314850792,2.8953106756125173,25.751423420727935,1.6655338551555139,4.12508749606952
rcp_4.5,Composite RCP 4.5 / Near-Term 1.0C SWL - Moderate Emissions,Khairpur,SUGARCANE,2028,23.825219694371356,34.52799971156155,822.6371787351447,16.11819809023173,52.93780133289137
rcp_4.5,Composite RCP 4.5 / Near-Term 1.0C SWL - Moderate Emissions,Khairpur,WHEAT,2028,106.50970275522997,3.6870141524345357,392.70278143012854,2.987145598130195,4.386882706738876
rcp_4.5,Composite RCP 4.5 / Near-Term 1.0C SWL - Moderate Emissions,Larkana,COTTON,2028,0.10500000000000001,2.529536757142112,0.26560135949992175,0.04631709891055902,5.012756415373665
rcp_4.5,Composite RCP 4.5 / Near-Term 1.0C SWL - Moderate Emissions,Larkana,RICE,2028,99.19156358370469,2.8159944141329665,279.3228889808274,1.586217593675963,4.04577123458997
rcp_4.5,Composite RCP 4.5 / Near-Term 1.0C SWL - Moderate Emissions,Larkana,SUGARCANE,2028,0.7193506345032521,33.48666476495561,24.088653546068514,15.076863143625793,51.89646638628543
rcp_4.5,Composite RCP 4.5 / Near-Term 1.0C SWL - Moderate Emissions,Larkana,WHEAT,2028,52.65183529591073,3.593957626628078,189.2284650177038,2.8940890723237374,4.2938261809324185
rcp_4.5,Composite RCP 4.5 / Near-Term 1.0C SWL - Moderate Emissions,Matiari,COTTON,2028,42.12438131168756,3.8414944825343724,161.8205783890218,1.3582748243028195,6.324714140765925
rcp_4.5,Composite RCP 4.5 / Near-Term 1.0C SWL - Moderate Emissions,Matiari,RICE,2028,0.8479413894287613,2.745523797535204,2.32804326359173,1.5157469770782006,3.9753006179922075
rcp_4.5,Composite RCP 4.5 / Near-Term 1.0C SWL - Moderate Emissions,Matiari,SUGARCANE,2028,13.769113981936755,31.657323473000936,435.8932952627918,13.247521851671117,50.067125094330756
rcp_4.5,Composite RCP 4.5 / Near-Term 1.0C SWL - Moderate Emissions,Matiari,WHEAT,2028,43.116309210776876,3.5824866370637656,154.46360158711752,2.882618082759425,4.282355191368106
rcp_4.5,Composite RCP 4.5 / Near-Term 1.0C SWL - Moderate Emissions,Mirpurkhas,COTTON,2028,28.489889867002262,3.794990890148674,108.1188725066126,1.3117712319171213,6.278210548380227
rcp_4.5,Composite RCP 4.5 / Near-Term 1.0C SWL - Moderate Emissions,Mirpurkhas,SUGARCANE,2028,20.024702183605655,38.918800115581675,779.3373816578004,20.508998494251856,57.328601736911494
rcp_4.5,Composite RCP 4.5 / Near-Term 1.0C SWL - Moderate Emissions,Mirpurkhas,WHEAT,2028,53.30177508479096,3.5769277893393543,190.6566005219048,2.8770592350350137,4.276796343643695
rcp_4.5,Composite RCP 4.5 / Near-Term 1.0C SWL - Moderate Emissions,Nawabshah,COTTON,2028,62.9821897031361,3.237581240463057,203.90995586615895,0.7543615822315042,5.72080089869461
rcp_4.5,Composite RCP 4.5 / Near-Term 1.0C SWL - Moderate Emissions,Nawabshah,RICE,2028,11.124048626195417,3.0638764078184284,34.082710145225136,1.834099587361425,4.293653228275431
rcp_4.5,Composite RCP 4.5 / Near-Term 1.0C SWL - Moderate Emissions,Nawabshah,SUGARCANE,2028,38.039525551617544,34.734089430518665,1321.2682824043836,16.324287809188846,53.143891051848485
rcp_4.5,Composite RCP 4.5 / Near-Term 1.0C SWL - Moderate Emissions,Nawabshah,WHEAT,2028,94.95268739758353,3.5820672034392347,340.1269074053019,2.882198649134894,4.281935757743575
rcp_4.5,Composite RCP 4.5 / Near-Term 1.0C SWL - Moderate Emissions,Sanghar,COTTON,2028,114.35021950383,3.81854781735841,436.6517811008051,1.335328159126857,6.301767475589963
rcp_4.5,Composite RCP 4.5 / Near-Term 1.0C SWL - Moderate Emissions,Sanghar,RICE,2028,7.580330780076906,2.789033877345447,21.14179934711893,1.5592570568884434,4.018810697802451
rcp_4.5,Composite RCP 4.5 / Near-Term 1.0C SWL - Moderate Emissions,Sanghar,SUGARCANE,2028,14.60078007697868,38.27214461555616,558.8031666060592,19.86234299422634,56.68194623688598
rcp_4.5,Composite RCP 4.5 / Near-Term 1.0C SWL - Moderate Emissions,Sanghar,WHEAT,2028,107.18153462139423,3.5908007955066017,384.8675397821208,2.890932241202261,4.290669349810942
rcp_4.5,Composite RCP 4.5 / Near-Term 1.0C SWL - Moderate Emissions,Tharparkar,COTTON,2028,0.943795587058414,3.619866063933806,3.416413616883237,1.136646405702253,6.103085722165359
rcp_4.5,Composite RCP 4.5 / Near-Term 1.0C SWL - Moderate Emissions,Tharparkar,SUGARCANE,2028,0.4477607560687673,48.952889387980726,21.919182764112985,30.543087766650906,67.36269100931054
rcp_4.5,Composite RCP 4.5 / Near-Term 1.0C SWL - Moderate Emissions,Tharparkar,WHEAT,2028,2.2646133912579387,2.8881472619748148,6.540536965393115,2.1882787076704737,3.588015816279156
rcp_4.5,Composite RCP 4.5 / Near-Term 1.0C SWL - Moderate Emissions,Thatta,COTTON,2028,6.723819595289683,2.8273052325669292,19.010290324598575,0.34408557433537634,5.310524890798482
rcp_4.5,Composite RCP 4.5 / Near-Term 1.0C SWL - Moderate Emissions,Thatta,RICE,2028,90.87572882130962,2.8646969509608677,260.33142327075234,1.6349201305038643,4.094473771417871
rcp_4.5,Composite RCP 4.5 / Near-Term 1.0C SWL - Moderate Emissions,Thatta,SUGARCANE,2028,39.44161693532999,39.15102096004682,1544.1795713332422,20.741219338717002,57.56082258137664
rcp_4.5,Composite RCP 4.5 / Near-Term 1.0C SWL - Moderate Emissions,Thatta,WHEAT,2028,20.437645668991024,3.237306134522485,66.16291569942153,2.5374375802181444,3.9371746888268255
rcp_4.5,Composite RCP 4.5 / Near-Term 1.0C SWL - Moderate Emissions,Umarkot,COTTON,2028,21.03621546434985,3.7909506458181177,79.74725460014615,1.3077309875865648,6.274170304049671
rcp_4.5,Composite RCP 4.5 / Near-Term 1.0C SWL - Moderate Emissions,Umarkot,SUGARCANE,2028,1.2505750543043916,38.73221469104683,48.43754149058524,20.32241306971701,57.14201631237665
rcp_4.5,Composite RCP 4.5 / Near-Term 1.0C SWL - Moderate Emissions,Umarkot,WHEAT,2028,36.53180938226447,3.2820001347252052,119.89740331434751,2.5821315804208647,3.981868689029546
rcp_4.5,Composite RCP 4.5 / Near-Term 1.0C SWL - Moderate Emissions,Badin,COTTON,2029,15.324310049159635,3.1327268323995243,48.00687727901206,0.6495071741679714,5.615946490631077
rcp_4.5,Composite RCP 4.5 / Near-Term 1.0C SWL - Moderate Emissions,Badin,RICE,2029,128.0197439121962,2.9822744379259913,381.79000981917426,1.752497617468988,4.212051258382995
rcp_4.5,Composite RCP 4.5 / Near-Term 1.0C SWL - Moderate Emissions,Badin,SUGARCANE,2029,23.465047444839,30.793852818697854,722.5792174001343,12.384051197368034,49.20365444002768
rcp_4.5,Composite RCP 4.5 / Near-Term 1.0C SWL - Moderate Emissions,Badin,WHEAT,2029,35.46865896878933,3.269330258350548,115.9587599897795,2.5694617040462076,3.9691988126548887
rcp_4.5,Composite RCP 4.5 / Near-Term 1.0C SWL - Moderate Emissions,Dadu,COTTON,2029,10.382768949354329,3.3105107372787774,34.372268089522194,0.8272910790472245,5.79373039551033
rcp_4.5,Composite RCP 4.5 / Near-Term 1.0C SWL - Moderate Emissions,Dadu,RICE,2029,50.32526008917341,3.13342021527851,157.69018730256474,1.9036433948215064,4.363197035735514
rcp_4.5,Composite RCP 4.5 / Near-Term 1.0C SWL - Moderate Emissions,Dadu,SUGARCANE,2029,6.806571395907071,28.42412412130918,193.47083019781527,10.014322499979361,46.833925742638996
rcp_4.5,Composite RCP 4.5 / Near-Term 1.0C SWL - Moderate Emissions,Dadu,WHEAT,2029,84.60959071681691,3.5848497291366996,303.31266836354814,2.884981174832359,4.28471828344104
rcp_4.5,Composite RCP 4.5 / Near-Term 1.0C SWL - Moderate Emissions,Ghotki,COTTON,2029,83.67784268892231,3.9506545392070995,330.5822490500485,1.4674348809755466,6.433874197438652
rcp_4.5,Composite RCP 4.5 / Near-Term 1.0C SWL - Moderate Emissions,Ghotki,RICE,2029,47.649957699782135,3.0685068659824877,146.2142223655566,1.8387300455254842,4.2982836864394915
rcp_4.5,Composite RCP 4.5 / Near-Term 1.0C SWL - Moderate Emissions,Ghotki,SUGARCANE,2029,59.56016234137269,38.296216982966136,2280.928900565897,19.886415361636317,56.706018604295956
rcp_4.5,Composite RCP 4.5 / Near-Term 1.0C SWL - Moderate Emissions,Ghotki,WHEAT,2029,115.65662169886741,3.6020890617738193,416.60545194320287,2.9022205074694787,4.30195761607816
rcp_4.5,Composite RCP 4.5 / Near-Term 1.0C SWL - Moderate Emissions,Hyderabad,COTTON,2029,3.4124999999999996,3.1905948049944426,10.887904772043534,0.7073751467628897,5.6738144632259955
rcp_4.5,Composite RCP 4.5 / Near-Term 1.0C SWL - Moderate Emissions,Hyderabad,RICE,2029,0.5025000000000001,2.7970986687193555,1.4055420810314763,1.567321848262352,4.0268754891763585
rcp_4.5,Composite RCP 4.5 / Near-Term 1.0C SWL - Moderate Emissions,Hyderabad,SUGARCANE,2029,2.5425,28.944055185121265,73.59026030817081,10.534253563791445,47.353856806451084
rcp_4.5,Composite RCP 4.5 / Near-Term 1.0C SWL - Moderate Emissions,Hyderabad,WHEAT,2029,8.865,3.3036818000651573,29.28713915757762,2.6038132457608167,4.003550354369498
rcp_4.5,Composite RCP 4.5 / Near-Term 1.0C SWL - Moderate Emissions,Jacobabad,RICE,2029,105.25837087001128,3.1444869468783514,330.98357325043094,1.914710126421348,4.374263767335355
rcp_4.5,Composite RCP 4.5 / Near-Term 1.0C SWL - Moderate Emissions,Jacobabad,SUGARCANE,2029,0.14347319080827692,25.85196040388956,3.7090632477952665,7.442158782559741,44.26176202521938
rcp_4.5,Composite RCP 4.5 / Near-Term 1.0C SWL - Moderate Emissions,Jacobabad,WHEAT,2029,31.29944895392663,3.2668638345045835,102.25103782750521,2.566995280200243,3.966732388808924
rcp_4.5,Composite RCP 4.5 / Near-Term 1.0C SWL - Moderate Emissions,Jamshoro,COTTON,2029,15.650568194809807,3.170426495341834,49.61897607197923,0.6872068371102813,5.653646153573387
rcp_4.5,Composite RCP 4.5 / Near-Term 1.0C SWL - Moderate Emissions,Jamshoro,RICE,2029,0.4915010860866289,2.6571152413597594,1.305975026985657,1.427338420902756,3.886892061816763
rcp_4.5,Composite RCP 4.5 / Near-Term 1.0C SWL - Moderate Emissions,Jamshoro,SUGARCANE,2029,0.5138550360123447,36.03495866400659,18.51674498199646,17.62515704267677,54.44476028533641
rcp_4.5,Composite RCP 4.5 / Near-Term 1.0C SWL - Moderate Emissions,Jamshoro,WHEAT,2029,38.581377615181964,3.3182087858924962,128.02106617453288,2.6183402315881557,4.018077340196837
rcp_4.5,Composite RCP 4.5 / Near-Term 1.0C SWL - Moderate Emissions,Karachi,COTTON,2029,0.5078175374413956,2.989579321255753,1.5181608089058154,0.5063596630242002,5.472798979487306
rcp_4.5,Composite RCP 4.5 / Near-Term 1.0C SWL - Moderate Emissions,Karachi,WHEAT,2029,1.5539316337029447,3.0524506459256147,4.743299619020799,2.352582091621274,3.7523192002299552
rcp_4.5,Composite RCP 4.5 / Near-Term 1.0C SWL - Moderate Emissions,Kashmore,RICE,2029,92.05191379901726,3.0252997205121748,278.4846290887777,1.7955229000551713,4.255076540969178
rcp_4.5,Composite RCP 4.5 / Near-Term 1.0C SWL - Moderate Emissions,Kashmore,SUGARCANE,2029,0.09396250142906082,26.26087123754294,2.4675371511860105,7.85106961621312,44.67067285887276
rcp_4.5,Composite RCP 4.5 / Near-Term 1.0C SWL - Moderate Emissions,Kashmore,WHEAT,2029,44.08714073396618,3.5380232643800955,155.9813295767717,2.838154710075755,4.237891818684436
rcp_4.5,Composite RCP 4.5 / Near-Term 1.0C SWL - Moderate Emissions,Khairpur,COTTON,2029,83.24196867497415,3.2231895283075396,268.3046417488809,0.7399698700759867,5.7064091865390925
rcp_4.5,Composite RCP 4.5 / Near-Term 1.0C SWL - Moderate Emissions,Khairpur,RICE,2029,9.045414427803678,2.897953841250508,26.213193486756435,1.6681770207935047,4.127730661707512
rcp_4.5,Composite RCP 4.5 / Near-Term 1.0C SWL - Moderate Emissions,Khairpur,SUGARCANE,2029,24.04748942494564,29.396236695690998,706.9056910728282,10.986435074361179,47.80603831702082
rcp_4.5,Composite RCP 4.5 / Near-Term 1.0C SWL - Moderate Emissions,Khairpur,WHEAT,2029,106.70021378758389,3.6669751074434638,391.267027917966,2.967106553139123,4.366843661747804
rcp_4.5,Composite RCP 4.5 / Near-Term 1.0C SWL - Moderate Emissions,Larkana,COTTON,2029,0.10500000000000001,2.769021470113201,0.29074725436188614,0.2858018118816483,5.252241128344754
rcp_4.5,Composite RCP 4.5 / Near-Term 1.0C SWL - Moderate Emissions,Larkana,RICE,2029,98.24711901223259,3.1296218656165937,307.47633189451886,1.8998450451595903,4.359398686073597
rcp_4.5,Composite RCP 4.5 / Near-Term 1.0C SWL - Moderate Emissions,Larkana,SUGARCANE,2029,0.727082428261113,27.49067479083416,19.987986581456266,9.08087316950434,45.90047641216398
rcp_4.5,Composite RCP 4.5 / Near-Term 1.0C SWL - Moderate Emissions,Larkana,WHEAT,2029,52.75632102435094,3.600013553908359,189.9234707420039,2.9001449996040183,4.2998821082126994
rcp_4.5,Composite RCP 4.5 / Near-Term 1.0C SWL - Moderate Emissions,Matiari,COTTON,2029,42.68860523608055,3.324099931010778,141.9011897202017,0.8408802727792253,5.807319589242331
rcp_4.5,Composite RCP 4.5 / Near-Term 1.0C SWL - Moderate Emissions,Matiari,RICE,2029,0.8481216417057328,2.806361663665386,2.3801360614079186,1.5765848432083827,4.0361384841223895
rcp_4.5,Composite RCP 4.5 / Near-Term 1.0C SWL - Moderate Emissions,Matiari,SUGARCANE,2029,13.923906482222606,29.13382456387466,405.65664869687055,10.724022942544842,47.54362618520448
rcp_4.5,Composite RCP 4.5 / Near-Term 1.0C SWL - Moderate Emissions,Matiari,WHEAT,2029,43.46182119583841,3.6455640898102217,158.44285462930125,2.945695535505881,4.345432644114562
rcp_4.5,Composite RCP 4.5 / Near-Term 1.0C SWL - Moderate Emissions,Mirpurkhas,COTTON,2029,28.085092031553927,3.5801819755500457,100.54974027303358,1.0969623173184928,6.063401633781599
rcp_4.5,Composite RCP 4.5 / Near-Term 1.0C SWL - Moderate Emissions,Mirpurkhas,SUGARCANE,2029,20.347887275637163,34.812845655081354,708.3678591337504,16.403044033751534,53.22264727641117
rcp_4.5,Composite RCP 4.5 / Near-Term 1.0C SWL - Moderate Emissions,Mirpurkhas,WHEAT,2029,52.627928432605586,3.5921105747089097,189.04533824778622,2.892242020404569,4.29197912901325
rcp_4.5,Composite RCP 4.5 / Near-Term 1.0C SWL - Moderate Emissions,Nawabshah,COTTON,2029,63.36875843146197,3.060953891776646,193.96884773783765,0.577734233545093,5.544173550008199
rcp_4.5,Composite RCP 4.5 / Near-Term 1.0C SWL - Moderate Emissions,Nawabshah,RICE,2029,11.424575282953924,3.10463133642813,35.469094428841025,1.8748545159711267,4.334408156885134
rcp_4.5,Composite RCP 4.5 / Near-Term 1.0C SWL - Moderate Emissions,Nawabshah,SUGARCANE,2029,38.56899508402853,28.077896381777077,1082.9362475186224,9.668094760447257,46.4876980031069
rcp_4.5,Composite RCP 4.5 / Near-Term 1.0C SWL - Moderate Emissions,Nawabshah,WHEAT,2029,95.68104149994247,3.605933788479139,345.0195004615173,2.9060652341747986,4.30580234278348
rcp_4.5,Composite RCP 4.5 / Near-Term 1.0C SWL - Moderate Emissions,Sanghar,COTTON,2029,114.42338058763019,3.5136976666040116,402.049165375699,1.0304780083724587,5.9969173248355645
rcp_4.5,Composite RCP 4.5 / Near-Term 1.0C SWL - Moderate Emissions,Sanghar,RICE,2029,7.662941579970209,2.9443187915687505,22.562142892599816,1.714541971111747,4.174095612025754
rcp_4.5,Composite RCP 4.5 / Near-Term 1.0C SWL - Moderate Emissions,Sanghar,SUGARCANE,2029,14.701579970275418,33.573131322831,493.57807499515854,15.163329701501183,51.98293294416082
rcp_4.5,Composite RCP 4.5 / Near-Term 1.0C SWL - Moderate Emissions,Sanghar,WHEAT,2029,106.98257574025405,3.60010093225919,385.148070657978,2.9002323779548496,4.299969486563531
rcp_4.5,Composite RCP 4.5 / Near-Term 1.0C SWL - Moderate Emissions,Tharparkar,COTTON,2029,0.9480393277695143,3.035355629404492,2.8776365104420454,0.5521359711729392,5.518575287636045
rcp_4.5,Composite RCP 4.5 / Near-Term 1.0C SWL - Moderate Emissions,Tharparkar,SUGARCANE,2029,0.43294386646852345,41.48914874899386,17.962472475877107,23.079347127664043,59.89895037032368
rcp_4.5,Composite RCP 4.5 / Near-Term 1.0C SWL - Moderate Emissions,Tharparkar,WHEAT,2029,2.2831690865439356,2.926162815437602,6.6809244824015,2.226294261133261,3.626031369741943
rcp_4.5,Composite RCP 4.5 / Near-Term 1.0C SWL - Moderate Emissions,Thatta,COTTON,2029,6.895752829541436,3.44329822092391,23.744133449891045,0.9600785626923569,5.926517879155463
rcp_4.5,Composite RCP 4.5 / Near-Term 1.0C SWL - Moderate Emissions,Thatta,RICE,2029,92.27630273236491,2.8441313941827233,262.44592954022806,1.6143545737257199,4.073908214639727
rcp_4.5,Composite RCP 4.5 / Near-Term 1.0C SWL - Moderate Emissions,Thatta,SUGARCANE,2029,39.8475934606148,34.122392918448284,1359.6952409176888,15.712591297118465,52.532194539778104
rcp_4.5,Composite RCP 4.5 / Near-Term 1.0C SWL - Moderate Emissions,Thatta,WHEAT,2029,20.631206127815005,3.1846880597753557,65.7039558140166,2.484819505471015,3.8845566140796963
rcp_4.5,Composite RCP 4.5 / Near-Term 1.0C SWL - Moderate Emissions,Umarkot,COTTON,2029,21.000273236538433,3.7301590497317934,78.33435926011421,1.2469393915002405,6.213378707963346
rcp_4.5,Composite RCP 4.5 / Near-Term 1.0C SWL - Moderate Emissions,Umarkot,SUGARCANE,2029,1.1404710186350258,37.636146672499464,42.922934533082696,19.226345051169645,56.045948293829284
rcp_4.5,Composite RCP 4.5 / Near-Term 1.0C SWL - Moderate Emissions,Umarkot,WHEAT,2029,36.60751914942276,3.22212332191208,117.95394120869813,2.5222547676077394,3.9219918762164205
rcp_6.0,Composite RCP 6.0 / Near-Term 1.25C SWL - High Emissions,Badin,COTTON,2025,14.769088830456099,6.761646229165563,99.8633537986647,4.27842657093401,9.244865887397115
rcp_6.0,Composite RCP 6.0 / Near-Term 1.25C SWL - High Emissions,Badin,RICE,2025,120.25213901909046,2.891123055661911,347.66373161075376,1.6613462352049075,4.120899876118914
rcp_6.0,Composite RCP 6.0 / Near-Term 1.25C SWL - High Emissions,Badin,SUGARCANE,2025,25.618212339469437,63.01165769510169,1614.2460266950784,44.60185607377187,81.42145931643151
rcp_6.0,Composite RCP 6.0 / Near-Term 1.25C SWL - High Emissions,Badin,WHEAT,2025,34.72996608360961,3.4344572511111853,119.27858384669857,2.7345886968068447,4.134325805415526
rcp_6.0,Composite RCP 6.0 / Near-Term 1.25C SWL - High Emissions,Dadu,COTTON,2025,10.589163522731809,5.065776644410899,53.64233725730264,2.5825569861793465,7.548996302642452
rcp_6.0,Composite RCP 6.0 / Near-Term 1.25C SWL - High Emissions,Dadu,RICE,2025,48.988192142067646,3.2968579864904513,161.5071125073045,2.067081166033448,4.526634806947454
rcp_6.0,Composite RCP 6.0 / Near-Term 1.25C SWL - High Emissions,Dadu,SUGARCANE,2025,6.31528981365031,41.914451425726185,264.7019081336293,23.504649804396365,60.324253047056004
rcp_6.0,Composite RCP 6.0 / Near-Term 1.25C SWL - High Emissions,Dadu,WHEAT,2025,80.8246983727754,3.055124572056184,246.92952202769558,2.3552560177518433,3.7549931263605245
rcp_6.0,Composite RCP 6.0 / Near-Term 1.25C SWL - High Emissions,Ghotki,COTTON,2025,83.95907587363317,4.653634887107113,390.71488457481246,2.1704152288755605,7.136854545338666
rcp_6.0,Composite RCP 6.0 / Near-Term 1.25C SWL - High Emissions,Ghotki,RICE,2025,43.226975343926824,3.158903407686748,136.5498397179215,1.9291265872297445,4.388680228143752
rcp_6.0,Composite RCP 6.0 / Near-Term 1.25C SWL - High Emissions,Ghotki,SUGARCANE,2025,53.85629282420541,53.43173467636838,2877.635148835746,35.02193305503856,71.8415362976982
rcp_6.0,Composite RCP 6.0 / Near-Term 1.25C SWL - High Emissions,Ghotki,WHEAT,2025,111.64564345870895,3.4819184064547963,388.7410209593682,2.7820498521504557,4.181786960759137
rcp_6.0,Composite RCP 6.0 / Near-Term 1.25C SWL - High Emissions,Hyderabad,COTTON,2025,3.4124999999999996,6.017149716720762,20.5335234083096,3.533930058489209,8.500369374952314
rcp_6.0,Composite RCP 6.0 / Near-Term 1.25C SWL - High Emissions,Hyderabad,RICE,2025,0.5025000000000001,3.0467031425320696,1.5309683291223652,1.8169263220750662,4.2764799629890735
rcp_6.0,Composite RCP 6.0 / Near-Term 1.25C SWL - High Emissions,Hyderabad,SUGARCANE,2025,2.5425,35.89545590441729,91.26419663698096,17.48565428308747,54.30525752574711
rcp_6.0,Composite RCP 6.0 / Near-Term 1.25C SWL - High Emissions,Hyderabad,WHEAT,2025,8.865,3.2771730420369813,29.05213901765784,2.5773044877326408,3.977041596341322
rcp_6.0,Composite RCP 6.0 / Near-Term 1.25C SWL - High Emissions,Jacobabad,RICE,2025,100.20278914675418,3.303055927531295,330.9754166463549,2.0732791070742915,4.532832747988298
rcp_6.0,Composite RCP 6.0 / Near-Term 1.25C SWL - High Emissions,Jacobabad,SUGARCANE,2025,0.14078122022788753,37.861496248784015,5.3301876415574,19.451694627454195,56.271297870113834
rcp_6.0,Composite RCP 6.0 / Near-Term 1.25C SWL - High Emissions,Jacobabad,WHEAT,2025,30.499156282153535,2.923979803910982,89.17891700534169,2.224111249606641,3.623848358215323
rcp_6.0,Composite RCP 6.0 / Near-Term 1.25C SWL - High Emissions,Jamshoro,COTTON,2025,15.413691551389164,4.2929155875329625,66.16967672238367,1.8096959293014097,6.776135245764515
rcp_6.0,Composite RCP 6.0 / Near-Term 1.25C SWL - High Emissions,Jamshoro,RICE,2025,0.4699470294576962,2.636285161315096,1.2389143803634326,1.4065083408580925,3.8660619817720994
rcp_6.0,Composite RCP 6.0 / Near-Term 1.25C SWL - High Emissions,Jamshoro,SUGARCANE,2025,0.512859647117105,58.338637145711914,29.919532859842644,39.928835524382094,76.74843876704173
rcp_6.0,Composite RCP 6.0 / Near-Term 1.25C SWL - High Emissions,Jamshoro,WHEAT,2025,37.55544262794831,3.914713926432147,147.01881426895275,3.2148453721278063,4.6145824807364875
rcp_6.0,Composite RCP 6.0 / Near-Term 1.25C SWL - High Emissions,Karachi,COTTON,2025,0.4755657177698911,3.920936997727278,1.8646632176546947,1.437717339495725,6.404156655958831
rcp_6.0,Composite RCP 6.0 / Near-Term 1.25C SWL - High Emissions,Karachi,WHEAT,2025,1.461579970275487,3.276531855485519,4.788913331947212,2.5766633011811786,3.9764004097898598
rcp_6.0,Composite RCP 6.0 / Near-Term 1.25C SWL - High Emissions,Kashmore,RICE,2025,85.6398182233911,3.677214408144633,314.9159734819411,2.4474375876876295,4.906991228601637
rcp_6.0,Composite RCP 6.0 / Near-Term 1.25C SWL - High Emissions,Kashmore,SUGARCANE,2025,0.08937273731946149,49.412477847990644,4.416128403012178,31.002676226660824,67.82227946932046
rcp_6.0,Composite RCP 6.0 / Near-Term 1.25C SWL - High Emissions,Kashmore,WHEAT,2025,41.180504553942455,2.924433445280373,120.42964481107003,2.2245648909760325,3.6243019995847137
rcp_6.0,Composite RCP 6.0 / Near-Term 1.25C SWL - High Emissions,Khairpur,COTTON,2025,81.74293129072817,4.30696151998382,352.06365959984754,1.823741861752267,6.790181178215373
rcp_6.0,Composite RCP 6.0 / Near-Term 1.25C SWL - High Emissions,Khairpur,RICE,2025,8.440489310620706,3.1020892649561373,26.18315128145352,1.872312444499134,4.331866085413141
rcp_6.0,Composite RCP 6.0 / Near-Term 1.25C SWL - High Emissions,Khairpur,SUGARCANE,2025,23.158410502648508,46.2041360138483,1070.0143487289047,27.79433439251848,64.61393763517812
rcp_6.0,Composite RCP 6.0 / Near-Term 1.25C SWL - High Emissions,Khairpur,WHEAT,2025,105.93816965816819,3.6576284923702804,387.4824677712727,2.95775993806594,4.357497046674621
rcp_6.0,Composite RCP 6.0 / Near-Term 1.25C SWL - High Emissions,Larkana,COTTON,2025,0.23234785259711543,4.129954470038894,0.9595860524373949,1.6467348118073408,6.613174128270447
rcp_6.0,Composite RCP 6.0 / Near-Term 1.25C SWL - High Emissions,Larkana,RICE,2025,102.024897298121,3.2948435014353192,336.1560698473198,2.065066680978316,4.524620321892323
rcp_6.0,Composite RCP 6.0 / Near-Term 1.25C SWL - High Emissions,Larkana,SUGARCANE,2025,0.6961552532296746,42.64853858884675,29.69000418119416,24.238736967516928,61.05834021017657
rcp_6.0,Composite RCP 6.0 / Near-Term 1.25C SWL - High Emissions,Larkana,WHEAT,2025,52.33837811059007,3.281461181841685,171.74635609045387,2.5815926275373444,3.9813297361460256
rcp_6.0,Composite RCP 6.0 / Near-Term 1.25C SWL - High Emissions,Matiari,COTTON,2025,40.43170953850813,6.293546829668679,254.4588573841627,3.810327171437126,8.776766487900233
rcp_6.0,Composite RCP 6.0 / Near-Term 1.25C SWL - High Emissions,Matiari,RICE,2025,0.8474006325978469,2.329462008236036,1.973987579391868,1.0996851877790328,3.5592388286930396
rcp_6.0,Composite RCP 6.0 / Near-Term 1.25C SWL - High Emissions,Matiari,SUGARCANE,2025,13.304736481079317,42.92800295555934,571.1457669827112,24.518201334229524,61.33780457688916
rcp_6.0,Composite RCP 6.0 / Near-Term 1.25C SWL - High Emissions,Matiari,WHEAT,2025,42.07977325559227,3.9077948334485733,164.43912052089092,3.2079262791442327,4.607663387752914
rcp_6.0,Composite RCP 6.0 / Near-Term 1.25C SWL - High Emissions,Mirpurkhas,COTTON,2025,29.704283373347266,6.706518562271942,199.21232782233926,4.223298904040389,9.189738220503495
rcp_6.0,Composite RCP 6.0 / Near-Term 1.25C SWL - High Emissions,Mirpurkhas,SUGARCANE,2025,19.055146907511016,58.498450473116925,1114.6965676270004,40.088648851787106,76.90825209444674
rcp_6.0,Composite RCP 6.0 / Near-Term 1.25C SWL - High Emissions,Mirpurkhas,WHEAT,2025,55.32331504134754,3.2911852963905623,182.07928101166587,2.5913167420862218,3.991053850694903
rcp_6.0,Composite RCP 6.0 / Near-Term 1.25C SWL - High Emissions,Nawabshah,COTTON,2025,61.82248351815838,4.172792674465547,257.9724063418383,1.689573016233994,6.6560123326971
rcp_6.0,Composite RCP 6.0 / Near-Term 1.25C SWL - High Emissions,Nawabshah,RICE,2025,10.222468655919897,2.6514545374488923,27.10441090166789,1.4216777169918888,3.8812313579058957
rcp_6.0,Composite RCP 6.0 / Near-Term 1.25C SWL - High Emissions,Nawabshah,SUGARCANE,2025,36.45111695438413,49.51907483179184,1805.0255881665441,31.10927321046202,67.92887645312166
rcp_6.0,Composite RCP 6.0 / Near-Term 1.25C SWL - High Emissions,Nawabshah,WHEAT,2025,92.76762509050695,3.2302496000143925,299.66258384289523,2.530381045710052,3.930118154318733
rcp_6.0,Composite RCP 6.0 / Near-Term 1.25C SWL - High Emissions,Sanghar,COTTON,2025,114.1307362524295,5.531227538386449,631.2830713357587,3.0480078801548958,8.014447196618
rcp_6.0,Composite RCP 6.0 / Near-Term 1.25C SWL - High Emissions,Sanghar,RICE,2025,7.332498380397027,3.0157571306269375,22.113034275992806,1.785980310169934,4.2455339510839405
rcp_6.0,Composite RCP 6.0 / Near-Term 1.25C SWL - High Emissions,Sanghar,SUGARCANE,2025,14.298380397088437,61.13592858371819,874.1447628192348,42.72612696238837,79.54573020504802
rcp_6.0,Composite RCP 6.0 / Near-Term 1.25C SWL - High Emissions,Sanghar,WHEAT,2025,107.77841126481479,3.5807103339771347,385.92327099555996,2.880841779672794,4.280578888281475
rcp_6.0,Composite RCP 6.0 / Near-Term 1.25C SWL - High Emissions,Tharparkar,COTTON,2025,0.9310643649251116,4.456893598444379,4.149654807774412,1.9736739402128265,6.940113256675932
rcp_6.0,Composite RCP 6.0 / Near-Term 1.25C SWL - High Emissions,Tharparkar,SUGARCANE,2025,0.4922114248694953,56.466597596071026,27.79350446029454,38.056795974741206,74.87639921740085
rcp_6.0,Composite RCP 6.0 / Near-Term 1.25C SWL - High Emissions,Tharparkar,WHEAT,2025,2.208946305399934,3.2627065041833614,7.20714347802017,2.562837949879021,3.962575058487702
rcp_6.0,Composite RCP 6.0 / Near-Term 1.25C SWL - High Emissions,Thatta,COTTON,2025,6.20801989253448,3.9647614117763004,24.61331771346036,1.4815417535447475,6.447981070007853
rcp_6.0,Composite RCP 6.0 / Near-Term 1.25C SWL - High Emissions,Thatta,RICE,2025,86.67400708814421,2.439985756318116,211.48334273808732,1.2102089358611128,3.6697625767751196
rcp_6.0,Composite RCP 6.0 / Near-Term 1.25C SWL - High Emissions,Thatta,SUGARCANE,2025,38.223687359475434,62.302292925616676,2381.42336656723,43.89249130428686,80.7120945469465
rcp_6.0,Composite RCP 6.0 / Near-Term 1.25C SWL - High Emissions,Thatta,WHEAT,2025,19.856964292519137,2.998601999863967,59.54313283877527,2.298733445559626,3.698470554168308
rcp_6.0,Composite RCP 6.0 / Near-Term 1.25C SWL - High Emissions,Umarkot,COTTON,2025,21.14404214778415,7.096385219925896,150.04626818702562,4.613165561694343,9.579604878157449
rcp_6.0,Composite RCP 6.0 / Near-Term 1.25C SWL - High Emissions,Umarkot,SUGARCANE,2025,1.5808871613125177,60.42121319962521,95.51912021821391,42.01141157829539,78.83101482095503
rcp_6.0,Composite RCP 6.0 / Near-Term 1.25C SWL - High Emissions,Umarkot,WHEAT,2025,36.304680080789666,3.4919678540332555,126.77477579307897,2.792099299728915,4.191836408337596
rcp_6.0,Composite RCP 6.0 / Near-Term 1.25C SWL - High Emissions,Badin,COTTON,2026,14.907894135131983,5.231013482883296,77.98339522227221,2.747793824651743,7.714233141114849
rcp_6.0,Composite RCP 6.0 / Near-Term 1.25C SWL - High Emissions,Badin,RICE,2026,122.19404024236701,2.7138098895601144,331.6113948550422,1.484033069103111,3.943586710017118
rcp_6.0,Composite RCP 6.0 / Near-Term 1.25C SWL - High Emissions,Badin,SUGARCANE,2026,25.079921115811885,45.46015667926485,1140.1371434284113,27.05035505793503,63.86995830059467
rcp_6.0,Composite RCP 6.0 / Near-Term 1.25C SWL - High Emissions,Badin,WHEAT,2026,34.91463930490454,3.4765933155896303,121.3840016236541,2.7767247612852897,4.176461869893971
rcp_6.0,Composite RCP 6.0 / Near-Term 1.25C SWL - High Emissions,Dadu,COTTON,2026,10.537564879387446,4.119813168411203,43.41279855308781,1.63659351017965,6.603032826642756
rcp_6.0,Composite RCP 6.0 / Near-Term 1.25C SWL - High Emissions,Dadu,RICE,2026,49.322459128844116,2.7864580426862005,137.4349629246291,1.556681222229197,4.016234863143204
rcp_6.0,Composite RCP 6.0 / Near-Term 1.25C SWL - High Emissions,Dadu,SUGARCANE,2026,6.4381102092145,37.08996584357235,238.78928775692023,18.68016422224253,55.49976746490217
rcp_6.0,Composite RCP 6.0 / Near-Term 1.25C SWL - High Emissions,Dadu,WHEAT,2026,81.77092145878578,3.368557922689738,275.45008532563315,2.6686893683853974,4.0684264769940786
rcp_6.0,Composite RCP 6.0 / Near-Term 1.25C SWL - High Emissions,Ghotki,COTTON,2026,83.88876757745547,4.221199058806281,354.1111867423739,1.7379794005747282,6.704418717037834
rcp_6.0,Composite RCP 6.0 / Near-Term 1.25C SWL - High Emissions,Ghotki,RICE,2026,44.33272093289088,3.0828338603502967,136.6704132133764,1.8530570398932933,4.3126106808073
rcp_6.0,Composite RCP 6.0 / Near-Term 1.25C SWL - High Emissions,Ghotki,SUGARCANE,2026,55.28226020349712,43.566033541513974,2408.4288022762585,25.156231920184155,61.975835162843794
rcp_6.0,Composite RCP 6.0 / Near-Term 1.25C SWL - High Emissions,Ghotki,WHEAT,2026,112.64838801874862,3.472575379548191,391.1800187796979,2.7727068252438505,4.172443933852532
rcp_6.0,Composite RCP 6.0 / Near-Term 1.25C SWL - High Emissions,Hyderabad,COTTON,2026,3.4124999999999996,5.093477259032532,17.381491146448514,2.6102576008009795,7.576696917264085
rcp_6.0,Composite RCP 6.0 / Near-Term 1.25C SWL - High Emissions,Hyderabad,RICE,2026,0.5025000000000001,2.448738096954066,1.2304908937194183,1.2189612764970628,3.6785149174110696
rcp_6.0,Composite RCP 6.0 / Near-Term 1.25C SWL - High Emissions,Hyderabad,SUGARCANE,2026,2.5425,31.013397880440806,78.85156411102075,12.603596259110986,49.423199501770625
rcp_6.0,Composite RCP 6.0 / Near-Term 1.25C SWL - High Emissions,Hyderabad,WHEAT,2026,8.865,3.18233077888281,28.211362354796112,2.4824622245784695,3.8821993331871507
rcp_6.0,Composite RCP 6.0 / Near-Term 1.25C SWL - High Emissions,Jacobabad,RICE,2026,101.46668457756869,2.7921327849460877,283.3084565888131,1.5623559644890843,4.021909605403091
rcp_6.0,Composite RCP 6.0 / Near-Term 1.25C SWL - High Emissions,Jacobabad,SUGARCANE,2026,0.14145421287298476,35.45339904468571,5.015032655537847,17.04359742335589,53.86320066601553
rcp_6.0,Composite RCP 6.0 / Near-Term 1.25C SWL - High Emissions,Jacobabad,WHEAT,2026,30.699229450096823,3.0660486849287683,94.12533208379588,2.3661801306244277,3.765917239233109
rcp_6.0,Composite RCP 6.0 / Near-Term 1.25C SWL - High Emissions,Jamshoro,COTTON,2026,15.472910712244328,3.5881933619199033,55.519795507254464,1.1049737036883505,6.071413020151456
rcp_6.0,Composite RCP 6.0 / Near-Term 1.25C SWL - High Emissions,Jamshoro,RICE,2026,0.47533554361493024,2.382612206686738,1.1325402684890091,1.1528353862297345,3.6123890271437413
rcp_6.0,Composite RCP 6.0 / Near-Term 1.25C SWL - High Emissions,Jamshoro,SUGARCANE,2026,0.513108494340915,58.46708353643949,29.999957201886964,40.05728191510967,76.87688515776931
rcp_6.0,Composite RCP 6.0 / Near-Term 1.25C SWL - High Emissions,Jamshoro,WHEAT,2026,37.811926374756695,3.5469880610108078,134.11845141508167,2.847119506706467,4.246856615315148
rcp_6.0,Composite RCP 6.0 / Near-Term 1.25C SWL - High Emissions,Karachi,COTTON,2026,0.4836286726877699,3.6604797142759447,1.7703129456157822,1.1772600560443918,6.1436993725074975
rcp_6.0,Composite RCP 6.0 / Near-Term 1.25C SWL - High Emissions,Karachi,WHEAT,2026,1.4846678861323497,3.1781376987968653,4.718478979110272,2.4782691444925247,3.878006253101206
rcp_6.0,Composite RCP 6.0 / Near-Term 1.25C SWL - High Emissions,Kashmore,RICE,2026,87.24284211729764,3.5533109310610627,310.0009445522282,2.3235341106040592,4.783087751518066
rcp_6.0,Composite RCP 6.0 / Near-Term 1.25C SWL - High Emissions,Kashmore,SUGARCANE,2026,0.09052017834686144,48.70163488883132,4.408480675920741,30.291833267501502,67.11143651016114
rcp_6.0,Composite RCP 6.0 / Near-Term 1.25C SWL - High Emissions,Kashmore,WHEAT,2026,41.90716359894827,3.0579993143949897,128.1520775538225,2.358130760090649,3.7578678686993303
rcp_6.0,Composite RCP 6.0 / Near-Term 1.25C SWL - High Emissions,Khairpur,COTTON,2026,82.11769063678958,3.29480762477494,270.561993239004,0.8115879665433869,5.778027283006493
rcp_6.0,Composite RCP 6.0 / Near-Term 1.25C SWL - High Emissions,Khairpur,RICE,2026,8.591720589916406,2.5430605582998402,21.84926576014905,1.3132837378428368,3.7728373787568437
rcp_6.0,Composite RCP 6.0 / Near-Term 1.25C SWL - High Emissions,Khairpur,SUGARCANE,2026,23.38068023322279,41.86629826501885,978.8625322831358,23.45649664368903,60.27609988634867
rcp_6.0,Composite RCP 6.0 / Near-Term 1.25C SWL - High Emissions,Khairpur,WHEAT,2026,106.12868069052212,3.674627587129309,389.9833778510301,2.9747590328249682,4.374496141433649
rcp_6.0,Composite RCP 6.0 / Near-Term 1.25C SWL - High Emissions,Larkana,COTTON,2026,0.10500000000000001,3.279050530933789,0.3443003057480479,0.7958308727022363,5.762270189165342
rcp_6.0,Composite RCP 6.0 / Near-Term 1.25C SWL - High Emissions,Larkana,RICE,2026,101.0804527266489,2.791312310294815,282.1471120260682,1.5615354898378118,4.021089130751818
rcp_6.0,Composite RCP 6.0 / Near-Term 1.25C SWL - High Emissions,Larkana,SUGARCANE,2026,0.7038870469875338,36.6116644003118,25.770476340034094,18.201862778981983,55.02146602164162
rcp_6.0,Composite RCP 6.0 / Near-Term 1.25C SWL - High Emissions,Larkana,WHEAT,2026,52.44286383903028,3.3967754174250055,178.1366307077848,2.696906863120665,4.096643971729346
rcp_6.0,Composite RCP 6.0 / Near-Term 1.25C SWL - High Emissions,Matiari,COTTON,2026,40.99593346290135,4.621246665739148,189.45232082429683,2.1380270075075956,7.104466323970701
rcp_6.0,Composite RCP 6.0 / Near-Term 1.25C SWL - High Emissions,Matiari,RICE,2026,0.8475808848748183,2.7046154891976975,2.292380389580324,1.474838668740694,3.934392309654701
rcp_6.0,Composite RCP 6.0 / Near-Term 1.25C SWL - High Emissions,Matiari,SUGARCANE,2026,13.45952898136511,38.76580883188033,521.7695274587528,20.35600721055051,57.17561045321015
rcp_6.0,Composite RCP 6.0 / Near-Term 1.25C SWL - High Emissions,Matiari,WHEAT,2026,42.42528524065381,3.6486054876531,154.79312854429756,2.9487369333487594,4.348474041957441
rcp_6.0,Composite RCP 6.0 / Near-Term 1.25C SWL - High Emissions,Mirpurkhas,COTTON,2026,29.29948553789893,5.5321307054178055,162.0885835971556,3.0489110471862526,8.015350363649357
rcp_6.0,Composite RCP 6.0 / Near-Term 1.25C SWL - High Emissions,Mirpurkhas,SUGARCANE,2026,19.378331999542524,45.16180593913422,875.1604691874543,26.7520043178044,63.57160756046404
rcp_6.0,Composite RCP 6.0 / Near-Term 1.25C SWL - High Emissions,Mirpurkhas,WHEAT,2026,54.64946838916194,3.402362154568806,185.93728301458887,2.7024936002644653,4.1022307088731464
rcp_6.0,Composite RCP 6.0 / Near-Term 1.25C SWL - High Emissions,Nawabshah,COTTON,2026,62.20905224648425,3.754481932200716,233.56276267875546,1.271262273969163,6.237701590432269
rcp_6.0,Composite RCP 6.0 / Near-Term 1.25C SWL - High Emissions,Nawabshah,RICE,2026,10.522995312678404,2.7183518408652576,28.605203679635817,1.4885750204082542,3.948128661322261
rcp_6.0,Composite RCP 6.0 / Near-Term 1.25C SWL - High Emissions,Nawabshah,SUGARCANE,2026,36.980586486795346,41.53899326949247,1536.1363331768762,23.129191648162653,59.94879489082229
rcp_6.0,Composite RCP 6.0 / Near-Term 1.25C SWL - High Emissions,Nawabshah,WHEAT,2026,93.49597919286589,3.336768043188995,311.9743955374181,2.636899488884654,4.036636597493335
rcp_6.0,Composite RCP 6.0 / Near-Term 1.25C SWL - High Emissions,Sanghar,COTTON,2026,114.20389733622966,4.8336269781918135,552.0190391790479,2.3504073199602606,7.316846636423366
rcp_6.0,Composite RCP 6.0 / Near-Term 1.25C SWL - High Emissions,Sanghar,RICE,2026,7.4151091802903295,2.491388960761786,18.4739211546187,1.2616121403047824,3.7211657812187893
rcp_6.0,Composite RCP 6.0 / Near-Term 1.25C SWL - High Emissions,Sanghar,SUGARCANE,2026,14.399180290385175,42.80010114837739,616.2863728822075,24.390299527047567,61.209902769707206
rcp_6.0,Composite RCP 6.0 / Near-Term 1.25C SWL - High Emissions,Sanghar,WHEAT,2026,107.5794523836746,3.6809959983227225,395.9995337260561,2.981127444018382,4.380864552627063
rcp_6.0,Composite RCP 6.0 / Near-Term 1.25C SWL - High Emissions,Tharparkar,COTTON,2026,0.9353081056362118,3.879046888829153,3.6281039972648363,1.3958272305976003,6.362266547060706
rcp_6.0,Composite RCP 6.0 / Near-Term 1.25C SWL - High Emissions,Tharparkar,SUGARCANE,2026,0.47739453526925146,58.66361159472573,28.005687594479962,40.25380997339591,77.07341321605554
rcp_6.0,Composite RCP 6.0 / Near-Term 1.25C SWL - High Emissions,Tharparkar,WHEAT,2026,2.2275020006859307,2.9874212388670762,6.654486786468054,2.287552684562735,3.6872897931714173
rcp_6.0,Composite RCP 6.0 / Near-Term 1.25C SWL - High Emissions,Thatta,COTTON,2026,6.3799531267862335,2.958717578297139,18.876479464934224,0.4754979200655862,5.441937236528692
rcp_6.0,Composite RCP 6.0 / Near-Term 1.25C SWL - High Emissions,Thatta,RICE,2026,88.0745809991995,2.844181050339184,250.50005429448674,1.6144042298821804,4.073957870796187
rcp_6.0,Composite RCP 6.0 / Near-Term 1.25C SWL - High Emissions,Thatta,SUGARCANE,2026,38.62966388476036,46.4442123806113,1794.1243136554403,28.034410759281478,64.85401400194112
rcp_6.0,Composite RCP 6.0 / Near-Term 1.25C SWL - High Emissions,Thatta,WHEAT,2026,20.05052475134312,3.2813856256337557,65.79350370547114,2.581517071329415,3.9812541799380963
rcp_6.0,Composite RCP 6.0 / Near-Term 1.25C SWL - High Emissions,Umarkot,COTTON,2026,21.108099919972716,5.828232306514347,123.02290988271788,3.345012648282794,8.311451964745899
rcp_6.0,Composite RCP 6.0 / Near-Term 1.25C SWL - High Emissions,Umarkot,SUGARCANE,2026,1.4707831256431518,63.45502358882602,93.32857793173346,45.045221967496204,81.86482521015584
rcp_6.0,Composite RCP 6.0 / Near-Term 1.25C SWL - High Emissions,Umarkot,WHEAT,2026,36.38038984794795,3.460117088083944,125.88040858404035,2.7602485337796034,4.159985642388285
rcp_6.0,Composite RCP 6.0 / Near-Term 1.25C SWL - High Emissions,Badin,COTTON,2027,15.046699439807867,4.190142545572461,63.04781549318025,1.706922887340908,6.673362203804014
rcp_6.0,Composite RCP 6.0 / Near-Term 1.25C SWL - High Emissions,Badin,RICE,2027,124.1359414656431,2.88225206392928,357.7910734971541,1.6524752434722765,4.112028884386284
rcp_6.0,Composite RCP 6.0 / Near-Term 1.25C SWL - High Emissions,Badin,SUGARCANE,2027,24.541629892154106,39.82103698997361,977.2731517297107,21.411235368643787,58.230838611303426
rcp_6.0,Composite RCP 6.0 / Near-Term 1.25C SWL - High Emissions,Badin,WHEAT,2027,35.09931252619947,3.2858266328292007,115.33025589258179,2.58595807852486,3.9856951871335413
rcp_6.0,Composite RCP 6.0 / Near-Term 1.25C SWL - High Emissions,Dadu,COTTON,2027,10.485966236043069,3.7950663331407455,39.79493743285764,1.3118466749091926,6.278285991372298
rcp_6.0,Composite RCP 6.0 / Near-Term 1.25C SWL - High Emissions,Dadu,RICE,2027,49.656726115620586,3.183642444983022,158.0892609405866,1.9538656245260184,4.413419265440025
rcp_6.0,Composite RCP 6.0 / Near-Term 1.25C SWL - High Emissions,Dadu,SUGARCANE,2027,6.56093060477869,33.16098060218558,217.56689251735187,14.751178980855762,51.5707822235154
rcp_6.0,Composite RCP 6.0 / Near-Term 1.25C SWL - High Emissions,Dadu,WHEAT,2027,82.71714454479616,3.5400091998112933,292.8194526706989,2.8401406455069527,4.239877754115634
rcp_6.0,Composite RCP 6.0 / Near-Term 1.25C SWL - High Emissions,Ghotki,COTTON,2027,83.81845928127774,4.226350456675353,354.24618366125264,1.7431307984437998,6.709570114906906
rcp_6.0,Composite RCP 6.0 / Near-Term 1.25C SWL - High Emissions,Ghotki,RICE,2027,45.43846652185448,2.9085870035169523,132.1617331852061,1.678810183059949,4.138363823973956
rcp_6.0,Composite RCP 6.0 / Near-Term 1.25C SWL - High Emissions,Ghotki,SUGARCANE,2027,56.70822758278882,38.19671107720077,2166.0677846799317,19.786909455870948,56.60651269853059
rcp_6.0,Composite RCP 6.0 / Near-Term 1.25C SWL - High Emissions,Ghotki,WHEAT,2027,113.65113257878829,3.5584749739581003,404.42471104361226,2.8586064196537597,4.258343528262441
rcp_6.0,Composite RCP 6.0 / Near-Term 1.25C SWL - High Emissions,Hyderabad,COTTON,2027,3.4124999999999996,3.830129689321633,13.070317564810072,1.3469100310900801,6.313349347553186
rcp_6.0,Composite RCP 6.0 / Near-Term 1.25C SWL - High Emissions,Hyderabad,RICE,2027,0.5025000000000001,2.7606064493616214,1.387204740804215,1.530829628904618,3.990383269818625
rcp_6.0,Composite RCP 6.0 / Near-Term 1.25C SWL - High Emissions,Hyderabad,SUGARCANE,2027,2.5425,28.54985739361957,72.58801242327775,10.140055772289749,46.95965901494939
rcp_6.0,Composite RCP 6.0 / Near-Term 1.25C SWL - High Emissions,Hyderabad,WHEAT,2027,8.865,3.3261171524710846,29.486028556656166,2.626248598166744,4.025985706775425
rcp_6.0,Composite RCP 6.0 / Near-Term 1.25C SWL - High Emissions,Jacobabad,RICE,2027,102.73058000838273,3.0328399475992267,311.56540688946166,1.8030631271422233,4.26261676805623
rcp_6.0,Composite RCP 6.0 / Near-Term 1.25C SWL - High Emissions,Jacobabad,SUGARCANE,2027,0.14212720551808222,29.562859262603627,4.201686574118207,11.153057641273808,47.97266088393344
rcp_6.0,Composite RCP 6.0 / Near-Term 1.25C SWL - High Emissions,Jacobabad,WHEAT,2027,30.89930261804011,3.2579183203868984,100.66740408649173,2.558049766082558,3.957786874691239
rcp_6.0,Composite RCP 6.0 / Near-Term 1.25C SWL - High Emissions,Jamshoro,COTTON,2027,15.532129873099478,3.1934394268335407,49.60091591945491,0.7102197686019878,5.6766590850650935
rcp_6.0,Composite RCP 6.0 / Near-Term 1.25C SWL - High Emissions,Jamshoro,RICE,2027,0.48072405777216254,2.6905439977475445,1.2934092282117358,1.460767177290541,3.920320818204548
rcp_6.0,Composite RCP 6.0 / Near-Term 1.25C SWL - High Emissions,Jamshoro,SUGARCANE,2027,0.5133573415647249,41.26826338550936,21.185365982577956,22.858461764179538,59.67806500683918
rcp_6.0,Composite RCP 6.0 / Near-Term 1.25C SWL - High Emissions,Jamshoro,WHEAT,2027,38.06841012156508,3.3157848437823656,126.2266573079767,2.615916289478025,4.015653398086706
rcp_6.0,Composite RCP 6.0 / Near-Term 1.25C SWL - High Emissions,Karachi,COTTON,2027,0.4916916276056451,3.0842591672554027,1.5165044099054406,0.6010395090238498,5.567478825486956
rcp_6.0,Composite RCP 6.0 / Near-Term 1.25C SWL - High Emissions,Karachi,WHEAT,2027,1.5077558019892194,3.008338368012404,4.535839628717482,2.3084698137080633,3.7082069223167444
rcp_6.0,Composite RCP 6.0 / Near-Term 1.25C SWL - High Emissions,Kashmore,RICE,2027,88.84586601120418,2.8042430483982983,249.14540214084596,1.5744662279412949,4.034019868855301
rcp_6.0,Composite RCP 6.0 / Near-Term 1.25C SWL - High Emissions,Kashmore,SUGARCANE,2027,0.09166761937426093,32.97897409322678,3.0231040445315247,14.569172471896962,51.3887757145566
rcp_6.0,Composite RCP 6.0 / Near-Term 1.25C SWL - High Emissions,Kashmore,WHEAT,2027,42.63382264395432,3.44924185989601,147.05436571090962,2.7493733055916696,4.149110414200351
rcp_6.0,Composite RCP 6.0 / Near-Term 1.25C SWL - High Emissions,Khairpur,COTTON,2027,82.4924499828511,3.701394454338975,305.3370968913603,1.218174796107422,6.184614112570528
rcp_6.0,Composite RCP 6.0 / Near-Term 1.25C SWL - High Emissions,Khairpur,RICE,2027,8.742951869212163,2.9054973261604986,25.402623278745875,1.6757205057034952,4.135274146617502
rcp_6.0,Composite RCP 6.0 / Near-Term 1.25C SWL - High Emissions,Khairpur,SUGARCANE,2027,23.602949963797073,34.217787681425065,807.6407305165077,15.807986060095246,52.627589302754885
rcp_6.0,Composite RCP 6.0 / Near-Term 1.25C SWL - High Emissions,Khairpur,WHEAT,2027,106.31919172287604,3.634870008624814,386.4564413347137,2.9350014543204734,4.334738562929155
rcp_6.0,Composite RCP 6.0 / Near-Term 1.25C SWL - High Emissions,Larkana,COTTON,2027,0.10500000000000001,3.234867476140556,0.3396610849947584,0.7516478179090029,5.718087134372109
rcp_6.0,Composite RCP 6.0 / Near-Term 1.25C SWL - High Emissions,Larkana,RICE,2027,100.1360081551768,3.206463751338357,321.0824803532965,1.9766869308813537,4.436240571795361
rcp_6.0,Composite RCP 6.0 / Near-Term 1.25C SWL - High Emissions,Larkana,SUGARCANE,2027,0.7116188407453929,29.676448290391647,21.1183197298491,11.266646669061828,48.08624991172147
rcp_6.0,Composite RCP 6.0 / Near-Term 1.25C SWL - High Emissions,Larkana,WHEAT,2027,52.54734956747052,3.579352376880312,188.08548057308624,2.8794838225759714,4.2792209311846525
rcp_6.0,Composite RCP 6.0 / Near-Term 1.25C SWL - High Emissions,Matiari,COTTON,2027,41.56015738729434,3.928755454676617,163.27969503255133,1.4455357964450641,6.41197511290817
rcp_6.0,Composite RCP 6.0 / Near-Term 1.25C SWL - High Emissions,Matiari,RICE,2027,0.8477611371517899,2.599241795533147,2.203536180313641,1.3694649750761436,3.8290186159901505
rcp_6.0,Composite RCP 6.0 / Near-Term 1.25C SWL - High Emissions,Matiari,SUGARCANE,2027,13.614321481650961,30.416098876983547,414.09454832893675,12.006297255653728,48.825900498313366
rcp_6.0,Composite RCP 6.0 / Near-Term 1.25C SWL - High Emissions,Matiari,WHEAT,2027,42.77079722571534,3.6567284487039586,156.40119098902164,2.956859894399618,4.356597003008299
rcp_6.0,Composite RCP 6.0 / Near-Term 1.25C SWL - High Emissions,Mirpurkhas,COTTON,2027,28.894687702450597,4.57438236438285,132.17534985044003,2.091162706151297,7.057602022614403
rcp_6.0,Composite RCP 6.0 / Near-Term 1.25C SWL - High Emissions,Mirpurkhas,SUGARCANE,2027,19.701517091574033,37.143795137652,731.7891147503753,18.73399351632218,55.55359675898182
rcp_6.0,Composite RCP 6.0 / Near-Term 1.25C SWL - High Emissions,Mirpurkhas,WHEAT,2027,53.975621736976564,3.5399567065605337,191.07136415858471,2.840088152256193,4.239825260864874
rcp_6.0,Composite RCP 6.0 / Near-Term 1.25C SWL - High Emissions,Nawabshah,COTTON,2027,62.59562097481023,3.5069600482717025,219.52034195541768,1.0237403900401496,5.990179706503255
rcp_6.0,Composite RCP 6.0 / Near-Term 1.25C SWL - High Emissions,Nawabshah,RICE,2027,10.82352196943691,3.1061473432944195,33.61945401045524,1.8763705228374161,4.335924163751423
rcp_6.0,Composite RCP 6.0 / Near-Term 1.25C SWL - High Emissions,Nawabshah,SUGARCANE,2027,37.51005601920633,37.87974948340954,1420.8715251161939,19.46994786207972,56.28955110473936
rcp_6.0,Composite RCP 6.0 / Near-Term 1.25C SWL - High Emissions,Nawabshah,WHEAT,2027,94.2243332952246,3.467855050974861,326.75633014258335,2.7679864966705203,4.1677236052792015
rcp_6.0,Composite RCP 6.0 / Near-Term 1.25C SWL - High Emissions,Sanghar,COTTON,2027,114.27705842002985,4.038437922977559,461.50080644977055,1.5552182647460064,6.521657581209112
rcp_6.0,Composite RCP 6.0 / Near-Term 1.25C SWL - High Emissions,Sanghar,RICE,2027,7.497719980183632,2.8416845369351194,21.306154929957316,1.611907716478116,4.071461357392122
rcp_6.0,Composite RCP 6.0 / Near-Term 1.25C SWL - High Emissions,Sanghar,SUGARCANE,2027,14.499980183681942,35.61554762292424,516.4247347633819,17.20574600159442,54.02534924425406
rcp_6.0,Composite RCP 6.0 / Near-Term 1.25C SWL - High Emissions,Sanghar,WHEAT,2027,107.38049350253442,3.5764381126195612,384.03968951436127,2.8765695583152207,4.276306666923902
rcp_6.0,Composite RCP 6.0 / Near-Term 1.25C SWL - High Emissions,Tharparkar,COTTON,2027,0.939551846347312,3.9670735804848167,3.7272713071401515,1.4838539222532638,6.45029323871637
rcp_6.0,Composite RCP 6.0 / Near-Term 1.25C SWL - High Emissions,Tharparkar,SUGARCANE,2027,0.46257764566901116,42.55572819463263,19.68532855800352,24.14592657330281,60.96552981596245
rcp_6.0,Composite RCP 6.0 / Near-Term 1.25C SWL - High Emissions,Tharparkar,WHEAT,2027,2.2460576959719347,2.879801061729143,6.468199337564891,2.1799325074248026,3.5796696160334838
rcp_6.0,Composite RCP 6.0 / Near-Term 1.25C SWL - High Emissions,Thatta,COTTON,2027,6.55188636103793,3.785635721810559,24.80305505358858,1.302416063579006,6.268855380042112
rcp_6.0,Composite RCP 6.0 / Near-Term 1.25C SWL - High Emissions,Thatta,RICE,2027,89.47515491025479,2.7685962870898475,247.72058167132033,1.538819466632844,3.998373107546851
rcp_6.0,Composite RCP 6.0 / Near-Term 1.25C SWL - High Emissions,Thatta,SUGARCANE,2027,39.035640410045175,39.2942545157253,1533.8763894566466,20.88445289439548,57.70405613705512
rcp_6.0,Composite RCP 6.0 / Near-Term 1.25C SWL - High Emissions,Thatta,WHEAT,2027,20.2440852101671,3.23875036340661,65.56553833126307,2.5388818091022696,3.9386189177109507
rcp_6.0,Composite RCP 6.0 / Near-Term 1.25C SWL - High Emissions,Umarkot,COTTON,2027,21.072157692161284,4.977151083911496,104.87931249789449,2.4939314256799427,7.4603707421430485
rcp_6.0,Composite RCP 6.0 / Near-Term 1.25C SWL - High Emissions,Umarkot,SUGARCANE,2027,1.3606790899737575,42.614396985362525,57.984518909823514,24.204595364032706,61.024198606692345
rcp_6.0,Composite RCP 6.0 / Near-Term 1.25C SWL - High Emissions,Umarkot,WHEAT,2027,36.45609961510621,3.2038091199163325,116.79838442345559,2.503940565611992,3.903677674220673
rcp_6.0,Composite RCP 6.0 / Near-Term 1.25C SWL - High Emissions,Badin,COTTON,2028,15.185504744483751,3.7570643897948006,57.05291911655989,1.2738447315632477,6.2402840480263535
rcp_6.0,Composite RCP 6.0 / Near-Term 1.25C SWL - High Emissions,Badin,RICE,2028,126.07784268891965,2.9168822614606986,367.75422290254215,1.6871054410036952,4.1466590819177025
rcp_6.0,Composite RCP 6.0 / Near-Term 1.25C SWL - High Emissions,Badin,SUGARCANE,2028,24.003338668496554,31.57080835742115,757.8048050413812,13.16100673609133,49.98060997875097
rcp_6.0,Composite RCP 6.0 / Near-Term 1.25C SWL - High Emissions,Badin,WHEAT,2028,35.2839857474944,3.2736479348793948,115.50734707659903,2.573779380575054,3.9735164891837353
rcp_6.0,Composite RCP 6.0 / Near-Term 1.25C SWL - High Emissions,Dadu,COTTON,2028,10.434367592698706,3.5811001293395863,37.366515135790124,1.0978804711080334,6.064319787571139
rcp_6.0,Composite RCP 6.0 / Near-Term 1.25C SWL - High Emissions,Dadu,RICE,2028,49.99099310239694,2.811963997202292,140.5728727883283,1.5821871767452884,4.041740817659296
rcp_6.0,Composite RCP 6.0 / Near-Term 1.25C SWL - High Emissions,Dadu,SUGARCANE,2028,6.68375100034288,28.413941216611214,189.911708030209,10.004139595281394,46.82374283794103
rcp_6.0,Composite RCP 6.0 / Near-Term 1.25C SWL - High Emissions,Dadu,WHEAT,2028,83.66336763080653,3.5432502261720646,296.44024628017183,2.843381671867724,4.243118780476405
rcp_6.0,Composite RCP 6.0 / Near-Term 1.25C SWL - High Emissions,Ghotki,COTTON,2028,83.74815098510004,3.850942601806657,322.50932245105787,1.367722943575104,6.33416226003821
rcp_6.0,Composite RCP 6.0 / Near-Term 1.25C SWL - High Emissions,Ghotki,RICE,2028,46.544212110818535,3.068915666209463,142.84026171826724,1.8391388457524598,4.298692486666466
rcp_6.0,Composite RCP 6.0 / Near-Term 1.25C SWL - High Emissions,Ghotki,SUGARCANE,2028,58.13419496208098,35.56012763552766,2067.2593928402484,17.150326014197837,53.969929256857476
rcp_6.0,Composite RCP 6.0 / Near-Term 1.25C SWL - High Emissions,Ghotki,WHEAT,2028,114.65387713882774,3.589337323144399,411.5314404576067,2.889468768840058,4.289205877448739
rcp_6.0,Composite RCP 6.0 / Near-Term 1.25C SWL - High Emissions,Hyderabad,COTTON,2028,3.4124999999999996,3.6703962691811256,12.52522726858059,1.1871766109495727,6.1536159274126785
rcp_6.0,Composite RCP 6.0 / Near-Term 1.25C SWL - High Emissions,Hyderabad,RICE,2028,0.5025000000000001,2.805680427788958,1.4098544149639516,1.5759036073319548,4.035457248245962
rcp_6.0,Composite RCP 6.0 / Near-Term 1.25C SWL - High Emissions,Hyderabad,SUGARCANE,2028,2.5425,27.86586650585706,70.84896559114158,9.45606488452724,46.275668127186876
rcp_6.0,Composite RCP 6.0 / Near-Term 1.25C SWL - High Emissions,Hyderabad,WHEAT,2028,8.865,3.24342255804675,28.75294097708444,2.5435540037424094,3.9432911123510905
rcp_6.0,Composite RCP 6.0 / Near-Term 1.25C SWL - High Emissions,Jacobabad,RICE,2028,103.99447543919723,2.8403719154150613,295.38298739581717,1.6105950949580579,4.070148735872065
rcp_6.0,Composite RCP 6.0 / Near-Term 1.25C SWL - High Emissions,Jacobabad,SUGARCANE,2028,0.14280019816317946,25.64629012475221,3.662295311965008,7.23648850342239,44.05609174608203
rcp_6.0,Composite RCP 6.0 / Near-Term 1.25C SWL - High Emissions,Jacobabad,WHEAT,2028,31.09937578598334,3.2401631680698992,100.7670519717081,2.5402946137655587,3.94003172237424
rcp_6.0,Composite RCP 6.0 / Near-Term 1.25C SWL - High Emissions,Jamshoro,COTTON,2028,15.591349033954643,2.8148911705310264,43.887950732346376,0.33167151229947356,5.29811082876258
rcp_6.0,Composite RCP 6.0 / Near-Term 1.25C SWL - High Emissions,Jamshoro,RICE,2028,0.4861125719293966,2.6643527239861515,1.295175355184002,1.434575903529148,3.894129544443155
rcp_6.0,Composite RCP 6.0 / Near-Term 1.25C SWL - High Emissions,Jamshoro,SUGARCANE,2028,0.5136061887885348,36.609581167603906,18.80290745663756,18.199779546274087,55.019382788933726
rcp_6.0,Composite RCP 6.0 / Near-Term 1.25C SWL - High Emissions,Jamshoro,WHEAT,2028,38.32489386837358,3.255877222738273,124.78114900989924,2.5560086684339325,3.9557457770426137
rcp_6.0,Composite RCP 6.0 / Near-Term 1.25C SWL - High Emissions,Karachi,COTTON,2028,0.49975458252352034,2.755761949139365,1.377204662426346,0.2725422909078121,5.238981607370918
rcp_6.0,Composite RCP 6.0 / Near-Term 1.25C SWL - High Emissions,Karachi,WHEAT,2028,1.530843717846082,3.125314421560062,4.784367948538983,2.4254458672557213,3.8251829758644025
rcp_6.0,Composite RCP 6.0 / Near-Term 1.25C SWL - High Emissions,Kashmore,RICE,2028,90.44888990511072,2.997295991158417,271.1020951173174,1.7675191707014135,4.22707281161542
rcp_6.0,Composite RCP 6.0 / Near-Term 1.25C SWL - High Emissions,Kashmore,SUGARCANE,2028,0.09281506040166088,26.530549834623077,2.462434585389815,8.120748213293258,44.94035145595289
rcp_6.0,Composite RCP 6.0 / Near-Term 1.25C SWL - High Emissions,Kashmore,WHEAT,2028,43.360481688960135,3.5299650504365,153.0609849321211,2.8300964961321595,4.229833604740841
rcp_6.0,Composite RCP 6.0 / Near-Term 1.25C SWL - High Emissions,Khairpur,COTTON,2028,82.86720932891262,3.116377851750297,258.2455357889789,0.633158193518744,5.59959750998185
rcp_6.0,Composite RCP 6.0 / Near-Term 1.25C SWL - High Emissions,Khairpur,RICE,2028,8.89418314850792,2.896988687947429,25.766347969760094,1.6672118674904257,4.126765508404432
rcp_6.0,Composite RCP 6.0 / Near-Term 1.25C SWL - High Emissions,Khairpur,SUGARCANE,2028,23.825219694371356,29.253339138946718,696.9672317793577,10.843537517616898,47.663140760276534
rcp_6.0,Composite RCP 6.0 / Near-Term 1.25C SWL - High Emissions,Khairpur,WHEAT,2028,106.50970275522997,3.6693382215400954,390.82012328463975,2.969469667235755,4.369206775844436
rcp_6.0,Composite RCP 6.0 / Near-Term 1.25C SWL - High Emissions,Larkana,COTTON,2028,0.10500000000000001,2.512977055373145,0.26386259081418023,0.02975739714159209,4.996196713604698
rcp_6.0,Composite RCP 6.0 / Near-Term 1.25C SWL - High Emissions,Larkana,RICE,2028,99.19156358370469,2.818147834711126,279.5364901350284,1.5883710142541227,4.04792465516813
rcp_6.0,Composite RCP 6.0 / Near-Term 1.25C SWL - High Emissions,Larkana,SUGARCANE,2028,0.7193506345032521,26.102160897586785,18.77660600358503,7.6923592762569655,44.511962518916604
rcp_6.0,Composite RCP 6.0 / Near-Term 1.25C SWL - High Emissions,Larkana,WHEAT,2028,52.65183529591073,3.569290956382453,187.9297195586326,2.8694224020781123,4.2691595106867934
rcp_6.0,Composite RCP 6.0 / Near-Term 1.25C SWL - High Emissions,Matiari,COTTON,2028,42.12438131168756,3.847381418277771,162.0685619150341,1.3641617600462181,6.330601076509324
rcp_6.0,Composite RCP 6.0 / Near-Term 1.25C SWL - High Emissions,Matiari,RICE,2028,0.8479413894287613,2.7556698490877642,2.336646520642424,1.5258930286307608,3.9854466695447677
rcp_6.0,Composite RCP 6.0 / Near-Term 1.25C SWL - High Emissions,Matiari,SUGARCANE,2028,13.769113981936755,28.277429447381287,389.3551491771678,9.867627826051468,46.68723106871111
rcp_6.0,Composite RCP 6.0 / Near-Term 1.25C SWL - High Emissions,Matiari,WHEAT,2028,43.116309210776876,3.686491775142289,158.94791928002067,2.9866232208379486,4.38636032944663
rcp_6.0,Composite RCP 6.0 / Near-Term 1.25C SWL - High Emissions,Mirpurkhas,COTTON,2028,28.489889867002262,3.850529803393772,109.70117002829843,1.367310145162219,6.333749461625325
rcp_6.0,Composite RCP 6.0 / Near-Term 1.25C SWL - High Emissions,Mirpurkhas,SUGARCANE,2028,20.024702183605655,34.69454728064355,694.7479766899124,16.284745659313728,53.10434890197337
rcp_6.0,Composite RCP 6.0 / Near-Term 1.25C SWL - High Emissions,Mirpurkhas,WHEAT,2028,53.30177508479096,3.579655037034045,190.80196766512773,2.8797864827297044,4.279523591338386
rcp_6.0,Composite RCP 6.0 / Near-Term 1.25C SWL - High Emissions,Nawabshah,COTTON,2028,62.9821897031361,3.1956258458386433,201.2675132428542,0.7124061876070904,5.678845504070196
rcp_6.0,Composite RCP 6.0 / Near-Term 1.25C SWL - High Emissions,Nawabshah,RICE,2028,11.124048626195417,3.0329037590634647,33.73816889439285,1.8031269386064612,4.2626805795204685
rcp_6.0,Composite RCP 6.0 / Near-Term 1.25C SWL - High Emissions,Nawabshah,SUGARCANE,2028,38.039525551617544,30.100665074731335,1145.0150182309244,11.690863453401516,48.51046669606116
rcp_6.0,Composite RCP 6.0 / Near-Term 1.25C SWL - High Emissions,Nawabshah,WHEAT,2028,94.95268739758353,3.6002558806207325,341.8539711838922,2.900387326316392,4.300124434925073
rcp_6.0,Composite RCP 6.0 / Near-Term 1.25C SWL - High Emissions,Sanghar,COTTON,2028,114.35021950383,3.7039158871139977,423.5435947152089,1.2206962288824448,6.1871355453455505
rcp_6.0,Composite RCP 6.0 / Near-Term 1.25C SWL - High Emissions,Sanghar,RICE,2028,7.580330780076906,2.883431893286942,21.857367532938436,1.6536550728299386,4.113208713743946
rcp_6.0,Composite RCP 6.0 / Near-Term 1.25C SWL - High Emissions,Sanghar,SUGARCANE,2028,14.60078007697868,30.007893270981967,438.13865022305606,11.598091649652147,48.417694892311786
rcp_6.0,Composite RCP 6.0 / Near-Term 1.25C SWL - High Emissions,Sanghar,WHEAT,2028,107.18153462139423,3.5815410616731844,383.87506729966947,2.881672507368844,4.281409615977525
rcp_6.0,Composite RCP 6.0 / Near-Term 1.25C SWL - High Emissions,Tharparkar,COTTON,2028,0.943795587058414,3.098028634790027,2.9239057540954305,0.6148089765584741,5.58124829302158
rcp_6.0,Composite RCP 6.0 / Near-Term 1.25C SWL - High Emissions,Tharparkar,SUGARCANE,2028,0.4477607560687673,38.33340807880401,17.164195784057878,19.923606457474193,56.74320970013383
rcp_6.0,Composite RCP 6.0 / Near-Term 1.25C SWL - High Emissions,Tharparkar,WHEAT,2028,2.2646133912579387,2.892151706757497,6.549605484672531,2.1922831524531565,3.5920202610618377
rcp_6.0,Composite RCP 6.0 / Near-Term 1.25C SWL - High Emissions,Thatta,COTTON,2028,6.723819595289683,2.8339697336516974,19.055101227585165,0.35075007542014447,5.31718939188325
rcp_6.0,Composite RCP 6.0 / Near-Term 1.25C SWL - High Emissions,Thatta,RICE,2028,90.87572882130962,2.860432852023157,259.94392017202165,1.6306560315661534,4.09020967248016
rcp_6.0,Composite RCP 6.0 / Near-Term 1.25C SWL - High Emissions,Thatta,SUGARCANE,2028,39.44161693532999,31.508079489509825,1242.7296015931743,13.098277868180006,49.917881110839645
rcp_6.0,Composite RCP 6.0 / Near-Term 1.25C SWL - High Emissions,Thatta,WHEAT,2028,20.437645668991024,3.22931555504858,65.99960706744396,2.5294470007442396,3.9291841093529207
rcp_6.0,Composite RCP 6.0 / Near-Term 1.25C SWL - High Emissions,Umarkot,COTTON,2028,21.03621546434985,3.9001112929507817,82.04358149345673,1.4168916347192289,6.383330951182335
rcp_6.0,Composite RCP 6.0 / Near-Term 1.25C SWL - High Emissions,Umarkot,SUGARCANE,2028,1.2505750543043916,37.77529814104384,47.240845524100486,19.36549651971402,56.18509976237366
rcp_6.0,Composite RCP 6.0 / Near-Term 1.25C SWL - High Emissions,Umarkot,WHEAT,2028,36.53180938226447,3.25689486828756,118.9802625063565,2.5570263139832194,3.9567634225919006
rcp_6.0,Composite RCP 6.0 / Near-Term 1.25C SWL - High Emissions,Badin,COTTON,2029,15.324310049159635,3.272638251089787,50.15092323843943,0.789418592858234,5.75585790932134
rcp_6.0,Composite RCP 6.0 / Near-Term 1.25C SWL - High Emissions,Badin,RICE,2029,128.0197439121962,2.9073184775602647,372.1941669684612,1.6775416571032613,4.137095298017268
rcp_6.0,Composite RCP 6.0 / Near-Term 1.25C SWL - High Emissions,Badin,SUGARCANE,2029,23.465047444839,28.631018013774405,671.8281960872565,10.221216392444585,47.04081963510423
rcp_6.0,Composite RCP 6.0 / Near-Term 1.25C SWL - High Emissions,Badin,WHEAT,2029,35.46865896878933,3.204388092708176,113.65534846391557,2.5045195384038355,3.9042566470125166
rcp_6.0,Composite RCP 6.0 / Near-Term 1.25C SWL - High Emissions,Dadu,COTTON,2029,10.382768949354329,3.183584130243979,33.05441845515439,0.700364472012426,5.666803788475532
rcp_6.0,Composite RCP 6.0 / Near-Term 1.25C SWL - High Emissions,Dadu,RICE,2029,50.32526008917341,3.1325638537575946,157.64709068629432,1.9027870333005912,4.3623406742145985
rcp_6.0,Composite RCP 6.0 / Near-Term 1.25C SWL - High Emissions,Dadu,SUGARCANE,2029,6.806571395907071,26.50498793401896,180.4080927205555,8.09518631268914,44.914789555348776
rcp_6.0,Composite RCP 6.0 / Near-Term 1.25C SWL - High Emissions,Dadu,WHEAT,2029,84.60959071681691,3.594057093614916,304.0916997036306,2.8941885393105755,4.293925647919257
rcp_6.0,Composite RCP 6.0 / Near-Term 1.25C SWL - High Emissions,Ghotki,COTTON,2029,83.67784268892231,3.8027692390996437,318.2075261716528,1.3195495808680908,6.285988897331197
rcp_6.0,Composite RCP 6.0 / Near-Term 1.25C SWL - High Emissions,Ghotki,RICE,2029,47.649957699782135,2.963252953318682,141.19887787938967,1.7334761328616786,4.193029773775685
rcp_6.0,Composite RCP 6.0 / Near-Term 1.25C SWL - High Emissions,Ghotki,SUGARCANE,2029,59.56016234137269,31.76711605501356,1892.0545893538344,13.35731443368374,50.17691767634338
rcp_6.0,Composite RCP 6.0 / Near-Term 1.25C SWL - High Emissions,Ghotki,WHEAT,2029,115.65662169886741,3.5995259722471484,416.3090136674364,2.899657417942808,4.299394526551489
rcp_6.0,Composite RCP 6.0 / Near-Term 1.25C SWL - High Emissions,Hyderabad,COTTON,2029,3.4124999999999996,3.0245083520658955,10.321134751424868,0.5412886938343426,5.507728010297448
rcp_6.0,Composite RCP 6.0 / Near-Term 1.25C SWL - High Emissions,Hyderabad,RICE,2029,0.5025000000000001,2.787732518482071,1.400835590537241,1.5579556980250677,4.017509338939075
rcp_6.0,Composite RCP 6.0 / Near-Term 1.25C SWL - High Emissions,Hyderabad,SUGARCANE,2029,2.5425,27.397490471466785,69.6581195237043,8.987688850136966,45.8072920927966
rcp_6.0,Composite RCP 6.0 / Near-Term 1.25C SWL - High Emissions,Hyderabad,WHEAT,2029,8.865,3.313291309697944,29.372327460472277,2.6134227553936036,4.013159864002285
rcp_6.0,Composite RCP 6.0 / Near-Term 1.25C SWL - High Emissions,Jacobabad,RICE,2029,105.25837087001128,3.036892866941919,319.65839568106435,1.8071160464849156,4.266669687398922
rcp_6.0,Composite RCP 6.0 / Near-Term 1.25C SWL - High Emissions,Jacobabad,SUGARCANE,2029,0.14347319080827692,25.764123111662315,3.6964609512074644,7.354321490332495,44.173924732992134
rcp_6.0,Composite RCP 6.0 / Near-Term 1.25C SWL - High Emissions,Jacobabad,WHEAT,2029,31.29944895392663,3.2636976076808617,102.15193667265959,2.563829053376521,3.9635661619852023
rcp_6.0,Composite RCP 6.0 / Near-Term 1.25C SWL - High Emissions,Jamshoro,COTTON,2029,15.650568194809807,3.1657779969910553,49.546224431536906,0.6825583387595024,5.648997655222608
rcp_6.0,Composite RCP 6.0 / Near-Term 1.25C SWL - High Emissions,Jamshoro,RICE,2029,0.4915010860866289,2.6001279281297434,1.277965700639945,1.37035110767274,3.829904748586747
rcp_6.0,Composite RCP 6.0 / Near-Term 1.25C SWL - High Emissions,Jamshoro,SUGARCANE,2029,0.5138550360123447,31.18137357672436,16.02270584218207,12.771571955394542,49.59117519805418
rcp_6.0,Composite RCP 6.0 / Near-Term 1.25C SWL - High Emissions,Jamshoro,WHEAT,2029,38.581377615181964,3.2753746548429232,126.36846638969111,2.5755061005385826,3.975243209147264
rcp_6.0,Composite RCP 6.0 / Near-Term 1.25C SWL - High Emissions,Karachi,COTTON,2029,0.5078175374413956,2.9378792546693857,1.4919066084063701,0.4546595964378328,5.421098912900939
rcp_6.0,Composite RCP 6.0 / Near-Term 1.25C SWL - High Emissions,Karachi,WHEAT,2029,1.5539316337029447,2.9791372727082535,4.629375649204872,2.2792687184039124,3.6790058270125945
rcp_6.0,Composite RCP 6.0 / Near-Term 1.25C SWL - High Emissions,Kashmore,RICE,2029,92.05191379901726,2.8950878843240626,266.49838036837787,1.6653110638670592,4.124864704781066
rcp_6.0,Composite RCP 6.0 / Near-Term 1.25C SWL - High Emissions,Kashmore,SUGARCANE,2029,0.09396250142906082,20.788854655863158,1.9533727853100797,2.3790530345333387,39.19865627719298
rcp_6.0,Composite RCP 6.0 / Near-Term 1.25C SWL - High Emissions,Kashmore,WHEAT,2029,44.08714073396618,3.5329672519784117,155.758424446466,2.833098697674071,4.232835806282752
rcp_6.0,Composite RCP 6.0 / Near-Term 1.25C SWL - High Emissions,Khairpur,COTTON,2029,83.24196867497415,3.2773253858053195,272.811017102904,0.7941057275737666,5.760545044036872
rcp_6.0,Composite RCP 6.0 / Near-Term 1.25C SWL - High Emissions,Khairpur,RICE,2029,9.045414427803678,2.8926004129823006,26.164769509460978,1.6628235925252972,4.122377233439304
rcp_6.0,Composite RCP 6.0 / Near-Term 1.25C SWL - High Emissions,Khairpur,SUGARCANE,2029,24.04748942494564,27.024833711170814,649.8794028802945,8.615032089840994,45.43463533250063
rcp_6.0,Composite RCP 6.0 / Near-Term 1.25C SWL - High Emissions,Khairpur,WHEAT,2029,106.70021378758389,3.658607953677552,390.3742508223496,2.9587393993732114,4.358476507981893
rcp_6.0,Composite RCP 6.0 / Near-Term 1.25C SWL - High Emissions,Larkana,COTTON,2029,0.10500000000000001,2.7332631766637623,0.28699263354969506,0.2500435184322094,5.216482834895315
rcp_6.0,Composite RCP 6.0 / Near-Term 1.25C SWL - High Emissions,Larkana,RICE,2029,98.24711901223259,3.1291476466026973,307.4297412426227,1.8993708261456939,4.358924467059701
rcp_6.0,Composite RCP 6.0 / Near-Term 1.25C SWL - High Emissions,Larkana,SUGARCANE,2029,0.727082428261113,26.504732608155262,19.27112534514903,8.094930986825442,44.914534229485085
rcp_6.0,Composite RCP 6.0 / Near-Term 1.25C SWL - High Emissions,Larkana,WHEAT,2029,52.75632102435094,3.601999754570973,190.02825538177953,2.9021312002666324,4.301868308875314
rcp_6.0,Composite RCP 6.0 / Near-Term 1.25C SWL - High Emissions,Matiari,COTTON,2029,42.68860523608055,3.2727907283932094,139.71087142468224,0.7895710701616565,5.756010386624762
rcp_6.0,Composite RCP 6.0 / Near-Term 1.25C SWL - High Emissions,Matiari,RICE,2029,0.8481216417057328,2.950297032349554,2.502210762595855,1.7205202118925507,4.180073852806558
rcp_6.0,Composite RCP 6.0 / Near-Term 1.25C SWL - High Emissions,Matiari,SUGARCANE,2029,13.923906482222606,28.723467675176813,399.9428777543059,10.313666053846994,47.13326929650663
rcp_6.0,Composite RCP 6.0 / Near-Term 1.25C SWL - High Emissions,Matiari,WHEAT,2029,43.46182119583841,3.7519635565476452,163.0671692279757,3.0520950022433047,4.451832110851986
rcp_6.0,Composite RCP 6.0 / Near-Term 1.25C SWL - High Emissions,Mirpurkhas,COTTON,2029,28.085092031553927,3.5499386017553585,99.7003523366651,1.0667189435238056,6.033158259986911
rcp_6.0,Composite RCP 6.0 / Near-Term 1.25C SWL - High Emissions,Mirpurkhas,SUGARCANE,2029,20.347887275637163,29.66235389796194,603.5662334457861,11.25255227663212,48.072155519291755
rcp_6.0,Composite RCP 6.0 / Near-Term 1.25C SWL - High Emissions,Mirpurkhas,WHEAT,2029,52.627928432605586,3.593346701619942,189.11039304639365,2.8934781473156015,4.293215255924283
rcp_6.0,Composite RCP 6.0 / Near-Term 1.25C SWL - High Emissions,Nawabshah,COTTON,2029,63.36875843146197,3.0459852733617883,193.02030497345382,0.5627656151302354,5.529204931593341
rcp_6.0,Composite RCP 6.0 / Near-Term 1.25C SWL - High Emissions,Nawabshah,RICE,2029,11.424575282953924,3.1924804315813216,36.47273302995804,1.9627036111243181,4.4222572520383245
rcp_6.0,Composite RCP 6.0 / Near-Term 1.25C SWL - High Emissions,Nawabshah,SUGARCANE,2029,38.56899508402853,26.328357971530707,1015.4583091745112,7.9185563502008876,44.73815959286053
rcp_6.0,Composite RCP 6.0 / Near-Term 1.25C SWL - High Emissions,Nawabshah,WHEAT,2029,95.68104149994247,3.660521397191003,350.24249971605974,2.9606528428866623,4.3603899514953435
rcp_6.0,Composite RCP 6.0 / Near-Term 1.25C SWL - High Emissions,Sanghar,COTTON,2029,114.42338058763019,3.4822827047317215,398.45455923724,0.9990630465001686,5.965502362963274
rcp_6.0,Composite RCP 6.0 / Near-Term 1.25C SWL - High Emissions,Sanghar,RICE,2029,7.662941579970209,2.9043872256791645,22.25614963599119,1.674610405222161,4.134164046136168
rcp_6.0,Composite RCP 6.0 / Near-Term 1.25C SWL - High Emissions,Sanghar,SUGARCANE,2029,14.701579970275418,26.694217894603288,392.44717912146734,8.284416273273468,45.1040195159331
rcp_6.0,Composite RCP 6.0 / Near-Term 1.25C SWL - High Emissions,Sanghar,WHEAT,2029,106.98257574025405,3.5619269986112236,381.064124910181,2.862058444306883,4.261795552915564
rcp_6.0,Composite RCP 6.0 / Near-Term 1.25C SWL - High Emissions,Tharparkar,COTTON,2029,0.9480393277695143,2.890006456772581,2.739839778528234,0.4067867985410283,5.373226115004134
rcp_6.0,Composite RCP 6.0 / Near-Term 1.25C SWL - High Emissions,Tharparkar,SUGARCANE,2029,0.43294386646852345,33.755090347924515,14.614059328224776,15.345288726594696,52.164891969254334
rcp_6.0,Composite RCP 6.0 / Near-Term 1.25C SWL - High Emissions,Tharparkar,WHEAT,2029,2.2831690865439356,2.937114824246454,6.705929770349428,2.237246269942113,3.636983378550795
rcp_6.0,Composite RCP 6.0 / Near-Term 1.25C SWL - High Emissions,Thatta,COTTON,2029,6.895752829541436,3.4993083962384848,24.130365774799635,1.016088738006932,5.982528054470038
rcp_6.0,Composite RCP 6.0 / Near-Term 1.25C SWL - High Emissions,Thatta,RICE,2029,92.27630273236491,2.876696278184487,265.4508966348191,1.6469194577274835,4.106473098641491
rcp_6.0,Composite RCP 6.0 / Near-Term 1.25C SWL - High Emissions,Thatta,SUGARCANE,2029,39.8475934606148,28.548033017546338,1137.570413783395,10.138231396216518,46.95783463887616
rcp_6.0,Composite RCP 6.0 / Near-Term 1.25C SWL - High Emissions,Thatta,WHEAT,2029,20.631206127815005,3.193180568212389,65.87916650612324,2.4933120139080485,3.8930491225167296
rcp_6.0,Composite RCP 6.0 / Near-Term 1.25C SWL - High Emissions,Umarkot,COTTON,2029,21.000273236538433,3.53475866304814,74.23089774923223,1.0515390048165871,6.017978321279693
rcp_6.0,Composite RCP 6.0 / Near-Term 1.25C SWL - High Emissions,Umarkot,SUGARCANE,2029,1.1404710186350258,30.30538511532883,34.562413432605815,11.895583493999009,48.71518673665865
rcp_6.0,Composite RCP 6.0 / Near-Term 1.25C SWL - High Emissions,Umarkot,WHEAT,2029,36.60751914942276,3.2319622801592125,118.31412106114041,2.532093725854872,3.931830834463553
rcp_8.5,Composite RCP 8.5 / Near-Term 1.5C SWL - Severe Emissions,Badin,COTTON,2025,14.769088830456099,6.617698745216896,97.7373806213062,4.134479086985343,9.10091840344845
rcp_8.5,Composite RCP 8.5 / Near-Term 1.5C SWL - Severe Emissions,Badin,RICE,2025,120.25213901909046,2.8978617712678783,348.4740765766126,1.6680849508108748,4.127638591724882
rcp_8.5,Composite RCP 8.5 / Near-Term 1.5C SWL - Severe Emissions,Badin,SUGARCANE,2025,25.618212339469437,47.7817302910688,1224.0825125438591,29.371928669738978,66.19153191239862
rcp_8.5,Composite RCP 8.5 / Near-Term 1.5C SWL - Severe Emissions,Badin,WHEAT,2025,34.72996608360961,3.372693659039534,117.13353638884821,2.6728251047351934,4.072562213343875
rcp_8.5,Composite RCP 8.5 / Near-Term 1.5C SWL - Severe Emissions,Dadu,COTTON,2025,10.589163522731809,5.067490718984341,53.66048787325097,2.584271060752788,7.550710377215894
rcp_8.5,Composite RCP 8.5 / Near-Term 1.5C SWL - Severe Emissions,Dadu,RICE,2025,48.988192142067646,3.1394383796598886,153.79541056096014,1.9096615592028852,4.3692152001168925
rcp_8.5,Composite RCP 8.5 / Near-Term 1.5C SWL - Severe Emissions,Dadu,SUGARCANE,2025,6.31528981365031,41.78805400763025,263.90367180665635,23.37825238630043,60.19785562896007
rcp_8.5,Composite RCP 8.5 / Near-Term 1.5C SWL - Severe Emissions,Dadu,WHEAT,2025,80.8246983727754,3.0535187137963824,246.7997290182177,2.353650159492042,3.753387268100723
rcp_8.5,Composite RCP 8.5 / Near-Term 1.5C SWL - Severe Emissions,Ghotki,COTTON,2025,83.95907587363317,4.648999121552458,390.3256699828768,2.165779463320905,7.132218779784011
rcp_8.5,Composite RCP 8.5 / Near-Term 1.5C SWL - Severe Emissions,Ghotki,RICE,2025,43.226975343926824,3.1594263711987685,136.57244584876136,1.929649550741765,4.389203191655772
rcp_8.5,Composite RCP 8.5 / Near-Term 1.5C SWL - Severe Emissions,Ghotki,SUGARCANE,2025,53.85629282420541,53.424763974275685,2877.2597326626515,35.014962352945865,71.83456559560551
rcp_8.5,Composite RCP 8.5 / Near-Term 1.5C SWL - Severe Emissions,Ghotki,WHEAT,2025,111.64564345870895,3.4819184064547963,388.7410209593682,2.7820498521504557,4.181786960759137
rcp_8.5,Composite RCP 8.5 / Near-Term 1.5C SWL - Severe Emissions,Hyderabad,COTTON,2025,3.4124999999999996,6.037534838759468,20.603087637266682,3.554315180527915,8.520754496991021
rcp_8.5,Composite RCP 8.5 / Near-Term 1.5C SWL - Severe Emissions,Hyderabad,RICE,2025,0.5025000000000001,3.045851005013513,1.5305401300192905,1.8160741845565096,4.275627825470517
rcp_8.5,Composite RCP 8.5 / Near-Term 1.5C SWL - Severe Emissions,Hyderabad,SUGARCANE,2025,2.5425,35.903487360119115,91.28461661310286,17.493685738789296,54.313288981448935
rcp_8.5,Composite RCP 8.5 / Near-Term 1.5C SWL - Severe Emissions,Hyderabad,WHEAT,2025,8.865,3.233287567888657,28.663094289332943,2.533419013584316,3.9331561221929974
rcp_8.5,Composite RCP 8.5 / Near-Term 1.5C SWL - Severe Emissions,Jacobabad,RICE,2025,100.20278914675418,3.2596888307295266,326.62991258962046,2.029912010272523,4.48946565118653
rcp_8.5,Composite RCP 8.5 / Near-Term 1.5C SWL - Severe Emissions,Jacobabad,SUGARCANE,2025,0.14078122022788753,37.671491572078445,5.3034385513217845,19.261689950748625,56.081293193408264
rcp_8.5,Composite RCP 8.5 / Near-Term 1.5C SWL - Severe Emissions,Jacobabad,WHEAT,2025,30.499156282153535,2.9288625432854554,89.32783643660878,2.228993988981115,3.628731097589796
rcp_8.5,Composite RCP 8.5 / Near-Term 1.5C SWL - Severe Emissions,Jamshoro,COTTON,2025,15.413691551389164,4.204141840261325,64.80134556407768,1.7209221820297724,6.687361498492878
rcp_8.5,Composite RCP 8.5 / Near-Term 1.5C SWL - Severe Emissions,Jamshoro,RICE,2025,0.4699470294576962,2.6406189156259443,1.2409510153282153,1.4108420951689409,3.8703957360829477
rcp_8.5,Composite RCP 8.5 / Near-Term 1.5C SWL - Severe Emissions,Jamshoro,SUGARCANE,2025,0.512859647117105,58.44926748131107,29.976270694718472,40.03946585998125,76.85906910264089
rcp_8.5,Composite RCP 8.5 / Near-Term 1.5C SWL - Severe Emissions,Jamshoro,WHEAT,2025,37.55544262794831,3.8989359597720323,146.42626574726313,3.1990674054676917,4.598804514076373
rcp_8.5,Composite RCP 8.5 / Near-Term 1.5C SWL - Severe Emissions,Karachi,COTTON,2025,0.4755657177698911,4.042695401023393,1.9225673401127277,1.5594757427918404,6.525915059254946
rcp_8.5,Composite RCP 8.5 / Near-Term 1.5C SWL - Severe Emissions,Karachi,WHEAT,2025,1.461579970275487,3.125434229403167,4.56807206810907,2.4255656750988264,3.8253027837075075
rcp_8.5,Composite RCP 8.5 / Near-Term 1.5C SWL - Severe Emissions,Kashmore,RICE,2025,85.6398182233911,3.553717306770407,304.33970416913667,2.3239404863134037,4.78349412722741
rcp_8.5,Composite RCP 8.5 / Near-Term 1.5C SWL - Severe Emissions,Kashmore,SUGARCANE,2025,0.08937273731946149,49.191684296216685,4.396395478907653,30.781882674886866,67.60148591754651
rcp_8.5,Composite RCP 8.5 / Near-Term 1.5C SWL - Severe Emissions,Kashmore,WHEAT,2025,41.180504553942455,2.935363813347767,120.87976288304561,2.235495259043426,3.635232367652108
rcp_8.5,Composite RCP 8.5 / Near-Term 1.5C SWL - Severe Emissions,Khairpur,COTTON,2025,81.74293129072817,4.335604580700457,354.4050273439637,1.8523849224689037,6.8188242389320095
rcp_8.5,Composite RCP 8.5 / Near-Term 1.5C SWL - Severe Emissions,Khairpur,RICE,2025,8.440489310620706,3.047470888840323,25.722145461684526,1.8176940683833194,4.277247709297326
rcp_8.5,Composite RCP 8.5 / Near-Term 1.5C SWL - Severe Emissions,Khairpur,SUGARCANE,2025,23.158410502648508,46.101137731942984,1067.6290722354738,27.691336110613165,64.5109393532728
rcp_8.5,Composite RCP 8.5 / Near-Term 1.5C SWL - Severe Emissions,Khairpur,WHEAT,2025,105.93816965816819,3.6576284923702804,387.4824677712727,2.95775993806594,4.357497046674621
rcp_8.5,Composite RCP 8.5 / Near-Term 1.5C SWL - Severe Emissions,Larkana,COTTON,2025,0.23234785259711543,4.141643627692919,0.9623020031169768,1.6584239694613663,6.624863285924472
rcp_8.5,Composite RCP 8.5 / Near-Term 1.5C SWL - Severe Emissions,Larkana,RICE,2025,102.024897298121,3.2907365895045944,335.7370625793752,2.060959769047591,4.520513409961598
rcp_8.5,Composite RCP 8.5 / Near-Term 1.5C SWL - Severe Emissions,Larkana,SUGARCANE,2025,0.6961552532296746,43.10846660289603,30.010185484282058,24.69866498156621,61.51826822422585
rcp_8.5,Composite RCP 8.5 / Near-Term 1.5C SWL - Severe Emissions,Larkana,WHEAT,2025,52.33837811059007,3.2861458368657024,171.99154333641857,2.586277282561362,3.986014391170043
rcp_8.5,Composite RCP 8.5 / Near-Term 1.5C SWL - Severe Emissions,Matiari,COTTON,2025,40.43170953850813,6.30455979453805,254.90413038091893,3.821340136306497,8.787779452769602
rcp_8.5,Composite RCP 8.5 / Near-Term 1.5C SWL - Severe Emissions,Matiari,RICE,2025,0.8474006325978469,2.3333378547580264,1.9772719741864546,1.103561034301023,3.56311467521503
rcp_8.5,Composite RCP 8.5 / Near-Term 1.5C SWL - Severe Emissions,Matiari,SUGARCANE,2025,13.304736481079317,41.286711874264235,549.308821657334,22.876910252934415,59.696513495594054
rcp_8.5,Composite RCP 8.5 / Near-Term 1.5C SWL - Severe Emissions,Matiari,WHEAT,2025,42.07977325559227,3.8891549926764837,163.65476024768105,3.189286438372143,4.589023546980824
rcp_8.5,Composite RCP 8.5 / Near-Term 1.5C SWL - Severe Emissions,Mirpurkhas,COTTON,2025,29.704283373347266,6.727919177603754,199.8480177645194,4.244699519372201,9.211138835835307
rcp_8.5,Composite RCP 8.5 / Near-Term 1.5C SWL - Severe Emissions,Mirpurkhas,SUGARCANE,2025,19.055146907511016,59.66170072497639,1136.8624720663815,41.25189910364657,78.0715023463062
rcp_8.5,Composite RCP 8.5 / Near-Term 1.5C SWL - Severe Emissions,Mirpurkhas,WHEAT,2025,55.32331504134754,3.2919904542904286,182.1238250158182,2.592121899986088,3.991859008594769
rcp_8.5,Composite RCP 8.5 / Near-Term 1.5C SWL - Severe Emissions,Nawabshah,COTTON,2025,61.82248351815838,4.092928364688244,253.03499636694187,1.6097087064566908,6.576148022919797
rcp_8.5,Composite RCP 8.5 / Near-Term 1.5C SWL - Severe Emissions,Nawabshah,RICE,2025,10.222468655919897,2.652004957508256,27.110037553472328,1.4222281370512526,3.8817817779652595
rcp_8.5,Composite RCP 8.5 / Near-Term 1.5C SWL - Severe Emissions,Nawabshah,SUGARCANE,2025,36.45111695438413,50.059197040544056,1824.7136459674314,31.649395419214237,68.46899866187388
rcp_8.5,Composite RCP 8.5 / Near-Term 1.5C SWL - Severe Emissions,Nawabshah,WHEAT,2025,92.76762509050695,3.220618354710475,298.7691160893867,2.5207498004061346,3.920486909014816
rcp_8.5,Composite RCP 8.5 / Near-Term 1.5C SWL - Severe Emissions,Sanghar,COTTON,2025,114.1307362524295,5.498709735076003,627.5717905026257,3.0154900768444497,7.9819293933075555
rcp_8.5,Composite RCP 8.5 / Near-Term 1.5C SWL - Severe Emissions,Sanghar,RICE,2025,7.332498380397027,3.0070459710896857,22.049159712794527,1.7772691506326823,4.23682279154669
rcp_8.5,Composite RCP 8.5 / Near-Term 1.5C SWL - Severe Emissions,Sanghar,SUGARCANE,2025,14.298380397088437,61.177761193999636,874.7429013940421,42.76795957266982,79.58756281532945
rcp_8.5,Composite RCP 8.5 / Near-Term 1.5C SWL - Severe Emissions,Sanghar,WHEAT,2025,107.77841126481479,3.580299833310103,385.8790278858441,2.8804312790057622,4.280168387614443
rcp_8.5,Composite RCP 8.5 / Near-Term 1.5C SWL - Severe Emissions,Tharparkar,COTTON,2025,0.9310643649251116,4.442340560142688,4.136104992410317,1.9591209019111355,6.925560218374241
rcp_8.5,Composite RCP 8.5 / Near-Term 1.5C SWL - Severe Emissions,Tharparkar,SUGARCANE,2025,0.4922114248694953,56.60478204619336,27.861520425384057,38.19498042486354,75.01458366752317
rcp_8.5,Composite RCP 8.5 / Near-Term 1.5C SWL - Severe Emissions,Tharparkar,WHEAT,2025,2.208946305399934,3.257779125991723,7.196259164168442,2.5579105716873825,3.9576476802960636
rcp_8.5,Composite RCP 8.5 / Near-Term 1.5C SWL - Severe Emissions,Thatta,COTTON,2025,6.20801989253448,3.8852958652421856,24.119994019805453,1.4020762070106327,6.3685155234737385
rcp_8.5,Composite RCP 8.5 / Near-Term 1.5C SWL - Severe Emissions,Thatta,RICE,2025,86.67400708814421,2.4295662808990586,210.58024505176115,1.1997894604420551,3.659343101356062
rcp_8.5,Composite RCP 8.5 / Near-Term 1.5C SWL - Severe Emissions,Thatta,SUGARCANE,2025,38.223687359475434,62.59786080025952,2392.7210606010826,44.1880591789297,81.00766242158934
rcp_8.5,Composite RCP 8.5 / Near-Term 1.5C SWL - Severe Emissions,Thatta,WHEAT,2025,19.856964292519137,2.9639086036450872,58.854227308870755,2.264040049340746,3.6637771579494283
rcp_8.5,Composite RCP 8.5 / Near-Term 1.5C SWL - Severe Emissions,Umarkot,COTTON,2025,21.14404214778415,7.095653831028216,150.03080366934665,4.612434172796663,9.578873489259768
rcp_8.5,Composite RCP 8.5 / Near-Term 1.5C SWL - Severe Emissions,Umarkot,SUGARCANE,2025,1.5808871613125177,59.97260704070579,94.80992450109248,41.56280541937597,78.3824086620356
rcp_8.5,Composite RCP 8.5 / Near-Term 1.5C SWL - Severe Emissions,Umarkot,WHEAT,2025,36.304680080789666,3.4908360795736266,126.73368708339854,2.790967525269286,4.190704633877967
rcp_8.5,Composite RCP 8.5 / Near-Term 1.5C SWL - Severe Emissions,Badin,COTTON,2026,14.907894135131983,4.968105033299444,74.06398388864446,2.4848853750678908,7.4513246915309965
rcp_8.5,Composite RCP 8.5 / Near-Term 1.5C SWL - Severe Emissions,Badin,RICE,2026,122.19404024236701,2.7067714610664386,330.75134084044294,1.4769946406094352,3.936548281523442
rcp_8.5,Composite RCP 8.5 / Near-Term 1.5C SWL - Severe Emissions,Badin,SUGARCANE,2026,25.079921115811885,40.88083923042988,1025.2882230473692,22.47103760910006,59.2906408517597
rcp_8.5,Composite RCP 8.5 / Near-Term 1.5C SWL - Severe Emissions,Badin,WHEAT,2026,34.91463930490454,3.4499451053101637,120.45358897362527,2.750076551005823,4.149813659614504
rcp_8.5,Composite RCP 8.5 / Near-Term 1.5C SWL - Severe Emissions,Dadu,COTTON,2026,10.537564879387446,4.1006010740118715,43.21034986188594,1.6173814157803186,6.583820732243424
rcp_8.5,Composite RCP 8.5 / Near-Term 1.5C SWL - Severe Emissions,Dadu,RICE,2026,49.322459128844116,2.790312065541886,137.62505280941028,1.5605352450848824,4.02008888599889
rcp_8.5,Composite RCP 8.5 / Near-Term 1.5C SWL - Severe Emissions,Dadu,SUGARCANE,2026,6.4381102092145,36.845235979150836,237.2136899182884,18.435434357821016,55.255037600480655
rcp_8.5,Composite RCP 8.5 / Near-Term 1.5C SWL - Severe Emissions,Dadu,WHEAT,2026,81.77092145878578,3.3650310910457533,275.16169305227453,2.6651625367414127,4.064899645350094
rcp_8.5,Composite RCP 8.5 / Near-Term 1.5C SWL - Severe Emissions,Ghotki,COTTON,2026,83.88876757745547,4.1863500027195295,351.18774237601866,1.7031303444879766,6.669569660951082
rcp_8.5,Composite RCP 8.5 / Near-Term 1.5C SWL - Severe Emissions,Ghotki,RICE,2026,44.33272093289088,3.0750193672764228,136.32397547270034,1.8452425468194193,4.304796187733427
rcp_8.5,Composite RCP 8.5 / Near-Term 1.5C SWL - Severe Emissions,Ghotki,SUGARCANE,2026,55.28226020349712,43.72879326393563,2417.4265276018214,25.31899164260581,62.13859488526545
rcp_8.5,Composite RCP 8.5 / Near-Term 1.5C SWL - Severe Emissions,Ghotki,WHEAT,2026,112.64838801874862,3.5578303904081183,400.7838583235896,2.8579618361037777,4.257698944712459
rcp_8.5,Composite RCP 8.5 / Near-Term 1.5C SWL - Severe Emissions,Hyderabad,COTTON,2026,3.4124999999999996,4.826978534504963,16.472064248998187,2.3437588762734105,7.310198192736516
rcp_8.5,Composite RCP 8.5 / Near-Term 1.5C SWL - Severe Emissions,Hyderabad,RICE,2026,0.5025000000000001,2.425272669285196,1.218699516315811,1.1954958488281924,3.6550494897421992
rcp_8.5,Composite RCP 8.5 / Near-Term 1.5C SWL - Severe Emissions,Hyderabad,SUGARCANE,2026,2.5425,31.83380296745979,80.93744404476651,13.42400134612997,50.24360458878961
rcp_8.5,Composite RCP 8.5 / Near-Term 1.5C SWL - Severe Emissions,Hyderabad,WHEAT,2026,8.865,3.1847068949432042,28.232426623671508,2.4848383406388637,3.884575449247545
rcp_8.5,Composite RCP 8.5 / Near-Term 1.5C SWL - Severe Emissions,Jacobabad,RICE,2026,101.46668457756869,2.791307906339688,283.2247588914428,1.5615310858826845,4.021084726796691
rcp_8.5,Composite RCP 8.5 / Near-Term 1.5C SWL - Severe Emissions,Jacobabad,SUGARCANE,2026,0.14145421287298476,35.25733156771538,4.987298084913017,16.847529946385563,53.6671331890452
rcp_8.5,Composite RCP 8.5 / Near-Term 1.5C SWL - Severe Emissions,Jacobabad,WHEAT,2026,30.699229450096823,3.0654024350823468,94.10549271147849,2.365533880778006,3.7652709893866874
rcp_8.5,Composite RCP 8.5 / Near-Term 1.5C SWL - Severe Emissions,Jamshoro,COTTON,2026,15.472910712244328,3.561751289923053,55.11065968820046,1.0785316316915,6.044970948154606
rcp_8.5,Composite RCP 8.5 / Near-Term 1.5C SWL - Severe Emissions,Jamshoro,RICE,2026,0.47533554361493024,2.41417766208181,1.1475444513886786,1.1844008416248064,3.6439544825388133
rcp_8.5,Composite RCP 8.5 / Near-Term 1.5C SWL - Severe Emissions,Jamshoro,SUGARCANE,2026,0.513108494340915,42.37986280780924,21.74546759568954,23.97006118647942,60.78966442913906
rcp_8.5,Composite RCP 8.5 / Near-Term 1.5C SWL - Severe Emissions,Jamshoro,WHEAT,2026,37.811926374756695,3.55306681341645,134.3483007534942,2.8531982591121094,4.252935367720791
rcp_8.5,Composite RCP 8.5 / Near-Term 1.5C SWL - Severe Emissions,Karachi,COTTON,2026,0.4836286726877699,3.6193300758866,1.7504118006199616,1.136110417655047,6.102549734118153
rcp_8.5,Composite RCP 8.5 / Near-Term 1.5C SWL - Severe Emissions,Karachi,WHEAT,2026,1.4846678861323497,3.1542275685531003,4.682980376584112,2.4543590142487597,3.854096122857441
rcp_8.5,Composite RCP 8.5 / Near-Term 1.5C SWL - Severe Emissions,Kashmore,RICE,2026,87.24284211729764,3.493153550781826,304.7526437223365,2.2633767303248225,4.72293037123883
rcp_8.5,Composite RCP 8.5 / Near-Term 1.5C SWL - Severe Emissions,Kashmore,SUGARCANE,2026,0.09052017834686144,35.30675687926651,3.1959739295604814,16.89695525793669,53.71655850059633
rcp_8.5,Composite RCP 8.5 / Near-Term 1.5C SWL - Severe Emissions,Kashmore,WHEAT,2026,41.90716359894827,3.1732842929420695,132.9833440102962,2.473415738637729,3.87315284724641
rcp_8.5,Composite RCP 8.5 / Near-Term 1.5C SWL - Severe Emissions,Khairpur,COTTON,2026,82.11769063678958,3.223041714519966,264.66874242241846,0.7398220562884132,5.706261372751519
rcp_8.5,Composite RCP 8.5 / Near-Term 1.5C SWL - Severe Emissions,Khairpur,RICE,2026,8.591720589916406,2.556424156670142,21.96408206342254,1.3266473362131386,3.7862009771271454
rcp_8.5,Composite RCP 8.5 / Near-Term 1.5C SWL - Severe Emissions,Khairpur,SUGARCANE,2026,23.38068023322279,41.56124698219074,971.7302257845973,23.15144536086092,59.97104860352056
rcp_8.5,Composite RCP 8.5 / Near-Term 1.5C SWL - Severe Emissions,Khairpur,WHEAT,2026,106.12868069052212,3.681981385160256,390.76382673411916,2.9821128308559155,4.381849939464597
rcp_8.5,Composite RCP 8.5 / Near-Term 1.5C SWL - Severe Emissions,Larkana,COTTON,2026,0.10500000000000001,3.23037227048523,0.33918908840094913,0.7471526122536769,5.713591928716783
rcp_8.5,Composite RCP 8.5 / Near-Term 1.5C SWL - Severe Emissions,Larkana,RICE,2026,101.0804527266489,2.793380494822334,282.35616505443204,1.5636036743653308,4.023157315279338
rcp_8.5,Composite RCP 8.5 / Near-Term 1.5C SWL - Severe Emissions,Larkana,SUGARCANE,2026,0.7038870469875338,36.7039692629116,25.835448537192054,18.29416764158178,55.11377088424142
rcp_8.5,Composite RCP 8.5 / Near-Term 1.5C SWL - Severe Emissions,Larkana,WHEAT,2026,52.44286383903028,3.4018765761365533,178.4041500795158,2.7020080218322127,4.101745130440894
rcp_8.5,Composite RCP 8.5 / Near-Term 1.5C SWL - Severe Emissions,Matiari,COTTON,2026,40.99593346290135,4.635740784298901,190.04652074437584,2.152521126067348,7.118960442530454
rcp_8.5,Composite RCP 8.5 / Near-Term 1.5C SWL - Severe Emissions,Matiari,RICE,2026,0.8475808848748183,2.7022358103320987,2.290363419261702,1.4724589898750953,3.932012630789102
rcp_8.5,Composite RCP 8.5 / Near-Term 1.5C SWL - Severe Emissions,Matiari,SUGARCANE,2026,13.45952898136511,34.21833402980176,460.5626585681488,15.80853240847194,52.62813565113158
rcp_8.5,Composite RCP 8.5 / Near-Term 1.5C SWL - Severe Emissions,Matiari,WHEAT,2026,42.42528524065381,3.656885065561066,155.1443919987152,2.9570165112567253,4.356753619865406
rcp_8.5,Composite RCP 8.5 / Near-Term 1.5C SWL - Severe Emissions,Mirpurkhas,COTTON,2026,29.29948553789893,5.536810430705184,162.2256971405345,3.0535907724736315,8.020030088936737
rcp_8.5,Composite RCP 8.5 / Near-Term 1.5C SWL - Severe Emissions,Mirpurkhas,SUGARCANE,2026,19.378331999542524,43.025792272982294,833.7680872092022,24.615990651652474,61.43559389431211
rcp_8.5,Composite RCP 8.5 / Near-Term 1.5C SWL - Severe Emissions,Mirpurkhas,WHEAT,2026,54.64946838916194,3.402907977701987,185.9671119586517,2.7030394233976462,4.102776532006327
rcp_8.5,Composite RCP 8.5 / Near-Term 1.5C SWL - Severe Emissions,Nawabshah,COTTON,2026,62.20905224648425,3.7580606765713354,233.78539297428415,1.2748410183397825,6.241280334802888
rcp_8.5,Composite RCP 8.5 / Near-Term 1.5C SWL - Severe Emissions,Nawabshah,RICE,2026,10.522995312678404,2.7368863346974694,28.800242071355047,1.507109514240466,3.966663155154473
rcp_8.5,Composite RCP 8.5 / Near-Term 1.5C SWL - Severe Emissions,Nawabshah,SUGARCANE,2026,36.980586486795346,41.747685007915685,1543.8538760587155,23.337883386585865,60.157486629245504
rcp_8.5,Composite RCP 8.5 / Near-Term 1.5C SWL - Severe Emissions,Nawabshah,WHEAT,2026,93.49597919286589,3.345276063236585,312.76986120276007,2.6454075089322444,4.045144617540926
rcp_8.5,Composite RCP 8.5 / Near-Term 1.5C SWL - Severe Emissions,Sanghar,COTTON,2026,114.20389733622966,4.676983387875235,534.1297306721549,2.193763729643682,7.160203046106788
rcp_8.5,Composite RCP 8.5 / Near-Term 1.5C SWL - Severe Emissions,Sanghar,RICE,2026,7.4151091802903295,2.478022134409889,18.374804677825406,1.2482453139528857,3.7077989548668926
rcp_8.5,Composite RCP 8.5 / Near-Term 1.5C SWL - Severe Emissions,Sanghar,SUGARCANE,2026,14.399180290385175,42.93374024471025,618.2106663241486,24.52393862338043,61.34354186604007
rcp_8.5,Composite RCP 8.5 / Near-Term 1.5C SWL - Severe Emissions,Sanghar,WHEAT,2026,107.5794523836746,3.6809959983227225,395.9995337260561,2.981127444018382,4.380864552627063
rcp_8.5,Composite RCP 8.5 / Near-Term 1.5C SWL - Severe Emissions,Tharparkar,COTTON,2026,0.9353081056362118,3.846406764247221,3.5975754241743796,1.3631871060156682,6.329626422478774
rcp_8.5,Composite RCP 8.5 / Near-Term 1.5C SWL - Severe Emissions,Tharparkar,SUGARCANE,2026,0.47739453526925146,55.38802711152635,26.44194146238782,36.97822549019653,73.79782873285617
rcp_8.5,Composite RCP 8.5 / Near-Term 1.5C SWL - Severe Emissions,Tharparkar,WHEAT,2026,2.2275020006859307,2.9870056020285505,6.653560954578679,2.28713704772421,3.686874156332891
rcp_8.5,Composite RCP 8.5 / Near-Term 1.5C SWL - Severe Emissions,Thatta,COTTON,2026,6.3799531267862335,2.9633831793130705,18.906245780724152,0.4801635210815176,5.446602837544623
rcp_8.5,Composite RCP 8.5 / Near-Term 1.5C SWL - Severe Emissions,Thatta,RICE,2026,88.0745809991995,2.886171830494802,254.1983746625223,1.6563950100377984,4.115948650951806
rcp_8.5,Composite RCP 8.5 / Near-Term 1.5C SWL - Severe Emissions,Thatta,SUGARCANE,2026,38.62966388476036,44.787825676114515,1730.1386519975438,26.378024054784696,63.197627297444335
rcp_8.5,Composite RCP 8.5 / Near-Term 1.5C SWL - Severe Emissions,Thatta,WHEAT,2026,20.05052475134312,3.1863322514436287,63.887633673573326,2.486463697139288,3.8862008057479693
rcp_8.5,Composite RCP 8.5 / Near-Term 1.5C SWL - Severe Emissions,Umarkot,COTTON,2026,21.108099919972716,5.8112394206694935,122.66422235037602,3.3280197624379406,8.294459078901046
rcp_8.5,Composite RCP 8.5 / Near-Term 1.5C SWL - Severe Emissions,Umarkot,SUGARCANE,2026,1.4707831256431518,43.84612534090392,64.48814127623606,25.436323719574098,62.25592696223374
rcp_8.5,Composite RCP 8.5 / Near-Term 1.5C SWL - Severe Emissions,Umarkot,WHEAT,2026,36.38038984794795,3.4568034488761077,125.75985709784382,2.756934894571767,4.156672003180448
rcp_8.5,Composite RCP 8.5 / Near-Term 1.5C SWL - Severe Emissions,Badin,COTTON,2027,15.046699439807867,3.85242889160045,57.96633964514413,1.3692092333688972,6.335648549832003
rcp_8.5,Composite RCP 8.5 / Near-Term 1.5C SWL - Severe Emissions,Badin,RICE,2027,124.1359414656431,2.901622709185994,360.1956667828933,1.6718458887289906,4.131399529642998
rcp_8.5,Composite RCP 8.5 / Near-Term 1.5C SWL - Severe Emissions,Badin,SUGARCANE,2027,24.541629892154106,34.91800405813519,856.944732167489,16.50820243680537,53.32780567946501
rcp_8.5,Composite RCP 8.5 / Near-Term 1.5C SWL - Severe Emissions,Badin,WHEAT,2027,35.09931252619947,3.269018769205098,114.74031143434166,2.5691502149007572,3.9688873235094384
rcp_8.5,Composite RCP 8.5 / Near-Term 1.5C SWL - Severe Emissions,Dadu,COTTON,2027,10.485966236043069,3.791904681454385,39.76178446002433,1.3086850232228322,6.275124339685938
rcp_8.5,Composite RCP 8.5 / Near-Term 1.5C SWL - Severe Emissions,Dadu,RICE,2027,49.656726115620586,3.1294046154896478,155.3959878963284,1.8996277950326443,4.359181435946651
rcp_8.5,Composite RCP 8.5 / Near-Term 1.5C SWL - Severe Emissions,Dadu,SUGARCANE,2027,6.56093060477869,30.141509454365075,197.75635185337006,11.731707833035255,48.5513110756949
rcp_8.5,Composite RCP 8.5 / Near-Term 1.5C SWL - Severe Emissions,Dadu,WHEAT,2027,82.71714454479616,3.5349626027970373,292.4020125760114,2.8350940484926967,4.234831157101378
rcp_8.5,Composite RCP 8.5 / Near-Term 1.5C SWL - Severe Emissions,Ghotki,COTTON,2027,83.81845928127774,4.084442401423677,342.35166911045474,1.6012227431921238,6.5676620596552295
rcp_8.5,Composite RCP 8.5 / Near-Term 1.5C SWL - Severe Emissions,Ghotki,RICE,2027,45.43846652185448,2.5387897847151257,115.35871463880439,1.3090129642581223,3.768566605172129
rcp_8.5,Composite RCP 8.5 / Near-Term 1.5C SWL - Severe Emissions,Ghotki,SUGARCANE,2027,56.70822758278882,37.972690828559784,2153.363993436846,19.562889207229965,56.382492449889604
rcp_8.5,Composite RCP 8.5 / Near-Term 1.5C SWL - Severe Emissions,Ghotki,WHEAT,2027,113.65113257878829,3.5754693603892544,406.35614230899455,2.875600806084914,4.275337914693595
rcp_8.5,Composite RCP 8.5 / Near-Term 1.5C SWL - Severe Emissions,Hyderabad,COTTON,2027,3.4124999999999996,3.737590449227217,12.754527407987878,1.2543707909956643,6.22081010745877
rcp_8.5,Composite RCP 8.5 / Near-Term 1.5C SWL - Severe Emissions,Hyderabad,RICE,2027,0.5025000000000001,2.7720755221063835,1.392967949858458,1.54229870164938,4.001852342563387
rcp_8.5,Composite RCP 8.5 / Near-Term 1.5C SWL - Severe Emissions,Hyderabad,SUGARCANE,2027,2.5425,26.719648928601156,67.93470740096843,8.309847307271337,45.12945054993098
rcp_8.5,Composite RCP 8.5 / Near-Term 1.5C SWL - Severe Emissions,Hyderabad,WHEAT,2027,8.865,3.304309961260718,29.292707806576267,2.6044414069563775,4.004178515565059
rcp_8.5,Composite RCP 8.5 / Near-Term 1.5C SWL - Severe Emissions,Jacobabad,RICE,2027,102.73058000838273,3.0331967219116986,311.602058521514,1.8034199014546952,4.262973542368702
rcp_8.5,Composite RCP 8.5 / Near-Term 1.5C SWL - Severe Emissions,Jacobabad,SUGARCANE,2027,0.14212720551808222,28.570604104332915,4.060660121312288,10.160802483003096,46.980405725662735
rcp_8.5,Composite RCP 8.5 / Near-Term 1.5C SWL - Severe Emissions,Jacobabad,WHEAT,2027,30.89930261804011,3.258484381874916,100.6848949917104,2.5586158275705753,3.9583529361792564
rcp_8.5,Composite RCP 8.5 / Near-Term 1.5C SWL - Severe Emissions,Jamshoro,COTTON,2027,15.532129873099478,3.1601145051204904,49.08330890739694,0.6768948468889375,5.643334163352043
rcp_8.5,Composite RCP 8.5 / Near-Term 1.5C SWL - Severe Emissions,Jamshoro,RICE,2027,0.48072405777216254,2.7101685194310163,1.302843207907252,1.480391698974013,3.9399453398880198
rcp_8.5,Composite RCP 8.5 / Near-Term 1.5C SWL - Severe Emissions,Jamshoro,SUGARCANE,2027,0.5133573415647249,38.43482156459875,19.730797821916976,20.02501994326893,56.84462318592857
rcp_8.5,Composite RCP 8.5 / Near-Term 1.5C SWL - Severe Emissions,Jamshoro,WHEAT,2027,38.06841012156508,3.3140864618218577,126.16200260696101,2.614217907517517,4.013955016126198
rcp_8.5,Composite RCP 8.5 / Near-Term 1.5C SWL - Severe Emissions,Karachi,COTTON,2027,0.4916916276056451,3.0614558155576352,1.5052921927943013,0.5782361573260824,5.544675473789188
rcp_8.5,Composite RCP 8.5 / Near-Term 1.5C SWL - Severe Emissions,Karachi,WHEAT,2027,1.5077558019892194,2.952297511994598,4.451343702908193,2.252428957690257,3.652166066298939
rcp_8.5,Composite RCP 8.5 / Near-Term 1.5C SWL - Severe Emissions,Kashmore,RICE,2027,88.84586601120418,2.776741478413701,246.70200133889668,1.5469646579566976,4.006518298870704
rcp_8.5,Composite RCP 8.5 / Near-Term 1.5C SWL - Severe Emissions,Kashmore,SUGARCANE,2027,0.09166761937426093,30.57164481556464,2.802429900598277,12.16184319423482,48.98144643689446
rcp_8.5,Composite RCP 8.5 / Near-Term 1.5C SWL - Severe Emissions,Kashmore,WHEAT,2027,42.63382264395432,3.4507380265296748,147.1181530138151,2.750869472225334,4.150606580834015
rcp_8.5,Composite RCP 8.5 / Near-Term 1.5C SWL - Severe Emissions,Khairpur,COTTON,2027,82.4924499828511,3.685377248590296,304.0157983472724,1.202157590358743,6.168596906821849
rcp_8.5,Composite RCP 8.5 / Near-Term 1.5C SWL - Severe Emissions,Khairpur,RICE,2027,8.742951869212163,2.903957534575511,25.38916095502971,1.6741807141185077,4.133734355032514
rcp_8.5,Composite RCP 8.5 / Near-Term 1.5C SWL - Severe Emissions,Khairpur,SUGARCANE,2027,23.602949963797073,31.0510036153824,732.8952846595528,12.64120199405258,49.46080523671222
rcp_8.5,Composite RCP 8.5 / Near-Term 1.5C SWL - Severe Emissions,Khairpur,WHEAT,2027,106.31919172287604,3.63005037593856,385.94402188311,2.9301818216342195,4.329918930242901
rcp_8.5,Composite RCP 8.5 / Near-Term 1.5C SWL - Severe Emissions,Larkana,COTTON,2027,0.10500000000000001,3.2329264453380038,0.3394572767604904,0.7497067871064509,5.716146103569557
rcp_8.5,Composite RCP 8.5 / Near-Term 1.5C SWL - Severe Emissions,Larkana,RICE,2027,100.1360081551768,3.2050657569186223,320.942490772681,1.9752889364616188,4.434842577375626
rcp_8.5,Composite RCP 8.5 / Near-Term 1.5C SWL - Severe Emissions,Larkana,SUGARCANE,2027,0.7116188407453929,29.92506843634397,21.295242509897644,11.51526681501415,48.33487005767379
rcp_8.5,Composite RCP 8.5 / Near-Term 1.5C SWL - Severe Emissions,Larkana,WHEAT,2027,52.54734956747052,3.5758367830320266,187.90074543420315,2.875968228727686,4.275705337336367
rcp_8.5,Composite RCP 8.5 / Near-Term 1.5C SWL - Severe Emissions,Matiari,COTTON,2027,41.56015738729434,3.928254151787838,163.258860805595,1.4450344935562853,6.411473810019391
rcp_8.5,Composite RCP 8.5 / Near-Term 1.5C SWL - Severe Emissions,Matiari,RICE,2027,0.8477611371517899,2.601999983183328,2.205874464612436,1.3722231627263244,3.8317768036403312
rcp_8.5,Composite RCP 8.5 / Near-Term 1.5C SWL - Severe Emissions,Matiari,SUGARCANE,2027,13.614321481650961,29.573160970676877,402.618520683408,11.163359349347058,47.9829625920067
rcp_8.5,Composite RCP 8.5 / Near-Term 1.5C SWL - Severe Emissions,Matiari,WHEAT,2027,42.77079722571534,3.6614631513488787,156.60369799577157,2.961594597044538,4.361331705653219
rcp_8.5,Composite RCP 8.5 / Near-Term 1.5C SWL - Severe Emissions,Mirpurkhas,COTTON,2027,28.894687702450597,4.526880505709514,130.80279847878802,2.0436608474779607,7.0101001639410665
rcp_8.5,Composite RCP 8.5 / Near-Term 1.5C SWL - Severe Emissions,Mirpurkhas,SUGARCANE,2027,19.701517091574033,37.014504919564125,729.2419013089437,18.604703298234305,55.424306540893944
rcp_8.5,Composite RCP 8.5 / Near-Term 1.5C SWL - Severe Emissions,Mirpurkhas,WHEAT,2027,53.975621736976564,3.560266137852145,192.16757833967384,2.8603975835478046,4.260134692156486
rcp_8.5,Composite RCP 8.5 / Near-Term 1.5C SWL - Severe Emissions,Nawabshah,COTTON,2027,62.59562097481023,3.4889400614901582,218.39236969286904,1.0057204032586053,5.972159719721711
rcp_8.5,Composite RCP 8.5 / Near-Term 1.5C SWL - Severe Emissions,Nawabshah,RICE,2027,10.82352196943691,3.1162401183362576,33.72869338285316,1.8864632978792542,4.346016938793261
rcp_8.5,Composite RCP 8.5 / Near-Term 1.5C SWL - Severe Emissions,Nawabshah,SUGARCANE,2027,37.51005601920633,34.29583744702336,1286.4387838634404,15.88603582569354,52.70563906835318
rcp_8.5,Composite RCP 8.5 / Near-Term 1.5C SWL - Severe Emissions,Nawabshah,WHEAT,2027,94.2243332952246,3.4843232061501475,328.30803108457707,2.784454651845807,4.184191760454488
rcp_8.5,Composite RCP 8.5 / Near-Term 1.5C SWL - Severe Emissions,Sanghar,COTTON,2027,114.27705842002985,3.991309819837161,456.11514545397006,1.5080901616056082,6.474529478068714
rcp_8.5,Composite RCP 8.5 / Near-Term 1.5C SWL - Severe Emissions,Sanghar,RICE,2027,7.497719980183632,2.8704813637548034,21.52206547376915,1.6407045432978,4.100258184211807
rcp_8.5,Composite RCP 8.5 / Near-Term 1.5C SWL - Severe Emissions,Sanghar,SUGARCANE,2027,14.499980183681942,35.24923092905075,511.1131499612645,16.839429307720934,53.65903255038057
rcp_8.5,Composite RCP 8.5 / Near-Term 1.5C SWL - Severe Emissions,Sanghar,WHEAT,2027,107.38049350253442,3.5697024464727694,383.31641035945046,2.8698338921684288,4.26957100077711
rcp_8.5,Composite RCP 8.5 / Near-Term 1.5C SWL - Severe Emissions,Tharparkar,COTTON,2027,0.939551846347312,3.7851911112465064,3.5563832973490888,1.3019714530149535,6.268410769478059
rcp_8.5,Composite RCP 8.5 / Near-Term 1.5C SWL - Severe Emissions,Tharparkar,SUGARCANE,2027,0.46257764566901116,39.69305291641522,18.361118967490828,21.2832512950854,58.10285453774504
rcp_8.5,Composite RCP 8.5 / Near-Term 1.5C SWL - Severe Emissions,Tharparkar,WHEAT,2027,2.2460576959719347,2.849960208154273,6.401175058738683,2.150091653849932,3.5498287624586142
rcp_8.5,Composite RCP 8.5 / Near-Term 1.5C SWL - Severe Emissions,Thatta,COTTON,2027,6.55188636103793,3.7619008018410156,24.647546555159803,1.2786811436094627,6.2451204600725685
rcp_8.5,Composite RCP 8.5 / Near-Term 1.5C SWL - Severe Emissions,Thatta,RICE,2027,89.47515491025479,2.745769261566817,245.67813002650686,1.5159924411098138,3.9755460820238206
rcp_8.5,Composite RCP 8.5 / Near-Term 1.5C SWL - Severe Emissions,Thatta,SUGARCANE,2027,39.035640410045175,38.061565535977984,1485.757585705805,19.651763914648164,56.4713671573078
rcp_8.5,Composite RCP 8.5 / Near-Term 1.5C SWL - Severe Emissions,Thatta,WHEAT,2027,20.2440852101671,3.2483235707202613,65.75933915585523,2.5484550164159208,3.948192125024602
rcp_8.5,Composite RCP 8.5 / Near-Term 1.5C SWL - Severe Emissions,Umarkot,COTTON,2027,21.072157692161284,4.922577854794181,103.72933680816399,2.439358196562628,7.405797513025734
rcp_8.5,Composite RCP 8.5 / Near-Term 1.5C SWL - Severe Emissions,Umarkot,SUGARCANE,2027,1.3606790899737575,39.38461172341901,53.589817638791565,20.974810102089194,57.79441334474883
rcp_8.5,Composite RCP 8.5 / Near-Term 1.5C SWL - Severe Emissions,Umarkot,WHEAT,2027,36.45609961510621,3.2066566166035475,116.90219304633837,2.506788062299207,3.906525170907888
rcp_8.5,Composite RCP 8.5 / Near-Term 1.5C SWL - Severe Emissions,Badin,COTTON,2028,15.185504744483751,3.7622911714349545,57.13229043395483,1.2790715132034016,6.245510829666507
rcp_8.5,Composite RCP 8.5 / Near-Term 1.5C SWL - Severe Emissions,Badin,RICE,2028,126.07784268891965,2.8948270521780817,364.9735496961372,1.6650502317210782,4.124603872635085
rcp_8.5,Composite RCP 8.5 / Near-Term 1.5C SWL - Severe Emissions,Badin,SUGARCANE,2028,24.003338668496554,29.243634537926887,701.9448637116018,10.833832916597068,47.65343615925671
rcp_8.5,Composite RCP 8.5 / Near-Term 1.5C SWL - Severe Emissions,Badin,WHEAT,2028,35.2839857474944,3.2508158274781387,114.70173932446785,2.550947273173798,3.9506843817824793
rcp_8.5,Composite RCP 8.5 / Near-Term 1.5C SWL - Severe Emissions,Dadu,COTTON,2028,10.434367592698706,3.574448096896905,37.29710538404463,1.0912284386653521,6.057667755128458
rcp_8.5,Composite RCP 8.5 / Near-Term 1.5C SWL - Severe Emissions,Dadu,RICE,2028,49.99099310239694,2.86757942770301,143.35314339087654,1.6378026072460066,4.097356248160013
rcp_8.5,Composite RCP 8.5 / Near-Term 1.5C SWL - Severe Emissions,Dadu,SUGARCANE,2028,6.68375100034288,26.74148442394081,178.73342326916796,8.331682802610992,45.15128604527063
rcp_8.5,Composite RCP 8.5 / Near-Term 1.5C SWL - Severe Emissions,Dadu,WHEAT,2028,83.66336763080653,3.556059048882502,297.51187552351297,2.8561904945781613,4.2559276031868425
rcp_8.5,Composite RCP 8.5 / Near-Term 1.5C SWL - Severe Emissions,Ghotki,COTTON,2028,83.74815098510004,3.6538790626007627,306.0056154159845,1.1706594043692098,6.137098720832316
rcp_8.5,Composite RCP 8.5 / Near-Term 1.5C SWL - Severe Emissions,Ghotki,RICE,2028,46.544212110818535,3.016339301238438,140.39313623504003,1.7865624807814346,4.246116121695442
rcp_8.5,Composite RCP 8.5 / Near-Term 1.5C SWL - Severe Emissions,Ghotki,SUGARCANE,2028,58.13419496208098,31.73929947954852,1845.138623903949,13.329497858218701,50.14910110087834
rcp_8.5,Composite RCP 8.5 / Near-Term 1.5C SWL - Severe Emissions,Ghotki,WHEAT,2028,114.65387713882774,3.59806320418884,412.5318965508041,2.8981946498844993,4.29793175849318
rcp_8.5,Composite RCP 8.5 / Near-Term 1.5C SWL - Severe Emissions,Hyderabad,COTTON,2028,3.4124999999999996,3.6309466766166043,12.390605533954162,1.1477270183850514,6.114166334848157
rcp_8.5,Composite RCP 8.5 / Near-Term 1.5C SWL - Severe Emissions,Hyderabad,RICE,2028,0.5025000000000001,2.748314585300171,1.3810280791133362,1.5185377648431677,3.9780914057571746
rcp_8.5,Composite RCP 8.5 / Near-Term 1.5C SWL - Severe Emissions,Hyderabad,SUGARCANE,2028,2.5425,27.43178586390932,69.74531555898945,9.0219842425795,45.84158748523914
rcp_8.5,Composite RCP 8.5 / Near-Term 1.5C SWL - Severe Emissions,Hyderabad,WHEAT,2028,8.865,3.244420794875184,28.76179034656851,2.5445522405708436,3.944289349179525
rcp_8.5,Composite RCP 8.5 / Near-Term 1.5C SWL - Severe Emissions,Jacobabad,RICE,2028,103.99447543919723,2.833580654840527,294.6767338147976,1.6038038343835237,4.063357475297531
rcp_8.5,Composite RCP 8.5 / Near-Term 1.5C SWL - Severe Emissions,Jacobabad,SUGARCANE,2028,0.14280019816317946,25.661060107507918,3.6644044684293897,7.251258486178099,44.07086172883774
rcp_8.5,Composite RCP 8.5 / Near-Term 1.5C SWL - Severe Emissions,Jacobabad,WHEAT,2028,31.09937578598334,3.238754053784672,100.72322939702642,2.5388854994803314,3.9386226080890125
rcp_8.5,Composite RCP 8.5 / Near-Term 1.5C SWL - Severe Emissions,Jamshoro,COTTON,2028,15.591349033954643,2.857884687548013,44.55827766235548,0.3746650293164602,5.341104345779566
rcp_8.5,Composite RCP 8.5 / Near-Term 1.5C SWL - Severe Emissions,Jamshoro,RICE,2028,0.4861125719293966,2.651858191919955,1.2891016060662488,1.4220813714629514,3.8816350123769583
rcp_8.5,Composite RCP 8.5 / Near-Term 1.5C SWL - Severe Emissions,Jamshoro,SUGARCANE,2028,0.5136061887885348,32.225173518186665,16.551048553725074,13.815371896856846,50.634975139516484
rcp_8.5,Composite RCP 8.5 / Near-Term 1.5C SWL - Severe Emissions,Jamshoro,WHEAT,2028,38.32489386837358,3.2553836182758893,124.76223167126543,2.5555150639715487,3.95525217258023
rcp_8.5,Composite RCP 8.5 / Near-Term 1.5C SWL - Severe Emissions,Karachi,COTTON,2028,0.49975458252352034,2.751201859654919,1.3749257368097767,0.26798220142336593,5.234421517886472
rcp_8.5,Composite RCP 8.5 / Near-Term 1.5C SWL - Severe Emissions,Karachi,WHEAT,2028,1.530843717846082,3.0879896603873194,4.727229572377585,2.388121106082979,3.78785821469166
rcp_8.5,Composite RCP 8.5 / Near-Term 1.5C SWL - Severe Emissions,Kashmore,RICE,2028,90.44888990511072,3.056261630410594,276.435471730222,1.8264848099535906,4.286038450867597
rcp_8.5,Composite RCP 8.5 / Near-Term 1.5C SWL - Severe Emissions,Kashmore,SUGARCANE,2028,0.09281506040166088,22.524240290986352,2.090588723109422,4.114438669656533,40.934041912316175
rcp_8.5,Composite RCP 8.5 / Near-Term 1.5C SWL - Severe Emissions,Kashmore,WHEAT,2028,43.360481688960135,3.5437364017442095,153.65811735833128,2.843867847439869,4.24360495604855
rcp_8.5,Composite RCP 8.5 / Near-Term 1.5C SWL - Severe Emissions,Khairpur,COTTON,2028,82.86720932891262,3.112020703705517,257.88447108987503,0.6288010454739643,5.59524036193707
rcp_8.5,Composite RCP 8.5 / Near-Term 1.5C SWL - Severe Emissions,Khairpur,RICE,2028,8.89418314850792,2.9073376106193827,25.858393183394195,1.6775607901623792,4.137114431076386
rcp_8.5,Composite RCP 8.5 / Near-Term 1.5C SWL - Severe Emissions,Khairpur,SUGARCANE,2028,23.825219694371356,27.936780390424936,665.5999303552796,9.526978769095116,46.346582011754755
rcp_8.5,Composite RCP 8.5 / Near-Term 1.5C SWL - Severe Emissions,Khairpur,WHEAT,2028,106.50970275522997,3.6700699641466814,390.8980609721605,2.970201409842341,4.369938518451022
rcp_8.5,Composite RCP 8.5 / Near-Term 1.5C SWL - Severe Emissions,Larkana,COTTON,2028,0.10500000000000001,2.507995057226039,0.26333948100873417,0.02477539899448633,4.991214715457592
rcp_8.5,Composite RCP 8.5 / Near-Term 1.5C SWL - Severe Emissions,Larkana,RICE,2028,99.19156358370469,2.8041939551873156,278.152383007003,1.5744171347303122,4.033970775644319
rcp_8.5,Composite RCP 8.5 / Near-Term 1.5C SWL - Severe Emissions,Larkana,SUGARCANE,2028,0.7193506345032521,26.054646580266787,18.7424265492729,7.644844958936968,44.46444820159661
rcp_8.5,Composite RCP 8.5 / Near-Term 1.5C SWL - Severe Emissions,Larkana,WHEAT,2028,52.65183529591073,3.5639546246057634,187.64875189684201,2.864086070301423,4.263823178910104
rcp_8.5,Composite RCP 8.5 / Near-Term 1.5C SWL - Severe Emissions,Matiari,COTTON,2028,42.12438131168756,3.8490700044051804,162.13969256094273,1.3658503461736275,6.332289662636733
rcp_8.5,Composite RCP 8.5 / Near-Term 1.5C SWL - Severe Emissions,Matiari,RICE,2028,0.8479413894287613,2.8943381018737457,2.4542290715794275,1.6645612814167423,4.124114922330749
rcp_8.5,Composite RCP 8.5 / Near-Term 1.5C SWL - Severe Emissions,Matiari,SUGARCANE,2028,13.769113981936755,27.792971959378043,382.6845988054484,9.383170338048224,46.20277358070786
rcp_8.5,Composite RCP 8.5 / Near-Term 1.5C SWL - Severe Emissions,Matiari,WHEAT,2028,43.116309210776876,3.7270740753271454,160.6976782832755,3.027205521022805,4.426942629631486
rcp_8.5,Composite RCP 8.5 / Near-Term 1.5C SWL - Severe Emissions,Mirpurkhas,COTTON,2028,28.489889867002262,3.8139334226579384,108.65854317160365,1.3307137644263856,6.297153080889491
rcp_8.5,Composite RCP 8.5 / Near-Term 1.5C SWL - Severe Emissions,Mirpurkhas,SUGARCANE,2028,20.024702183605655,31.74567663023936,635.6977201375931,13.33587500890954,50.15547825156918
rcp_8.5,Composite RCP 8.5 / Near-Term 1.5C SWL - Severe Emissions,Mirpurkhas,WHEAT,2028,53.30177508479096,3.5897395760537982,191.3394914957924,2.8898710217494576,4.289608130358139
rcp_8.5,Composite RCP 8.5 / Near-Term 1.5C SWL - Severe Emissions,Nawabshah,COTTON,2028,62.9821897031361,3.179697005992727,200.26428002992782,0.6964773477611743,5.66291666422428
rcp_8.5,Composite RCP 8.5 / Near-Term 1.5C SWL - Severe Emissions,Nawabshah,RICE,2028,11.124048626195417,3.077515882650726,34.234436326495384,1.8477390621937224,4.307292703107729
rcp_8.5,Composite RCP 8.5 / Near-Term 1.5C SWL - Severe Emissions,Nawabshah,SUGARCANE,2028,38.039525551617544,28.07941259840068,1068.1275330112742,9.66961097707086,46.4892142197305
rcp_8.5,Composite RCP 8.5 / Near-Term 1.5C SWL - Severe Emissions,Nawabshah,WHEAT,2028,94.95268739758353,3.6125016671128147,343.01674152061247,2.912633112808474,4.312370221417155
rcp_8.5,Composite RCP 8.5 / Near-Term 1.5C SWL - Severe Emissions,Sanghar,COTTON,2028,114.35021950383,3.734356426846703,427.02447711545875,1.25113676861515,6.217576085078256
rcp_8.5,Composite RCP 8.5 / Near-Term 1.5C SWL - Severe Emissions,Sanghar,RICE,2028,7.580330780076906,2.8714783511495536,21.766755729543444,1.6417015306925502,4.101255171606557
rcp_8.5,Composite RCP 8.5 / Near-Term 1.5C SWL - Severe Emissions,Sanghar,SUGARCANE,2028,14.60078007697868,29.90115481213708,436.58018545970623,11.49135319080726,48.3109564334669
rcp_8.5,Composite RCP 8.5 / Near-Term 1.5C SWL - Severe Emissions,Sanghar,WHEAT,2028,107.18153462139423,3.5849027075548676,384.235373664122,2.885034153250527,4.284771261859208
rcp_8.5,Composite RCP 8.5 / Near-Term 1.5C SWL - Severe Emissions,Tharparkar,COTTON,2028,0.943795587058414,2.8544982023209418,2.6940628066166807,0.3712785440893889,5.337717860552495
rcp_8.5,Composite RCP 8.5 / Near-Term 1.5C SWL - Severe Emissions,Tharparkar,SUGARCANE,2028,0.4477607560687673,36.03659899886594,16.1357748138792,17.62679737753612,54.44640062019576
rcp_8.5,Composite RCP 8.5 / Near-Term 1.5C SWL - Severe Emissions,Tharparkar,WHEAT,2028,2.2646133912579387,2.882615579836598,6.5280098439467285,2.182747025532257,3.5824841341409392
rcp_8.5,Composite RCP 8.5 / Near-Term 1.5C SWL - Severe Emissions,Thatta,COTTON,2028,6.723819595289683,2.825897032593874,19.00082184202566,0.34267737436232126,5.309116690825427
rcp_8.5,Composite RCP 8.5 / Near-Term 1.5C SWL - Severe Emissions,Thatta,RICE,2028,90.87572882130962,2.8793656669327046,261.66445352556576,1.6495888464757011,4.1091424873897076
rcp_8.5,Composite RCP 8.5 / Near-Term 1.5C SWL - Severe Emissions,Thatta,SUGARCANE,2028,39.44161693532999,31.197190938668115,1230.4676544612955,12.787389317338295,49.606992559997934
rcp_8.5,Composite RCP 8.5 / Near-Term 1.5C SWL - Severe Emissions,Thatta,WHEAT,2028,20.437645668991024,3.2228547759672592,65.86756395383429,2.5229862216629186,3.9227233302716
rcp_8.5,Composite RCP 8.5 / Near-Term 1.5C SWL - Severe Emissions,Umarkot,COTTON,2028,21.03621546434985,3.894677640811257,81.92927801629136,1.4114579825797042,6.37789729904281
rcp_8.5,Composite RCP 8.5 / Near-Term 1.5C SWL - Severe Emissions,Umarkot,SUGARCANE,2028,1.2505750543043916,30.923728543979337,38.67244350318123,12.513926922649517,49.333530165309156
rcp_8.5,Composite RCP 8.5 / Near-Term 1.5C SWL - Severe Emissions,Umarkot,WHEAT,2028,36.53180938226447,3.260131091567991,119.09848759835563,2.5602625372636503,3.9599996458723314
rcp_8.5,Composite RCP 8.5 / Near-Term 1.5C SWL - Severe Emissions,Badin,COTTON,2029,15.324310049159635,3.0603120582422196,46.897170827685656,0.5770924000106668,5.5435317164737725
rcp_8.5,Composite RCP 8.5 / Near-Term 1.5C SWL - Severe Emissions,Badin,RICE,2029,128.0197439121962,3.01986595977841,386.6024668199906,1.7900891393214065,4.249642780235414
rcp_8.5,Composite RCP 8.5 / Near-Term 1.5C SWL - Severe Emissions,Badin,SUGARCANE,2029,23.465047444839,27.054075658721978,634.8251689081752,8.644274037392158,45.4638772800518
rcp_8.5,Composite RCP 8.5 / Near-Term 1.5C SWL - Severe Emissions,Badin,WHEAT,2029,35.46865896878933,2.8159393769467584,99.87759343770968,2.116070822642418,3.515807931251099
rcp_8.5,Composite RCP 8.5 / Near-Term 1.5C SWL - Severe Emissions,Dadu,COTTON,2029,10.382768949354329,3.1826381807517707,33.04459688013903,0.6994185225202179,5.665857838983324
rcp_8.5,Composite RCP 8.5 / Near-Term 1.5C SWL - Severe Emissions,Dadu,RICE,2029,50.32526008917341,3.100276666367561,156.022229583343,1.8704998459105577,4.330053486824564
rcp_8.5,Composite RCP 8.5 / Near-Term 1.5C SWL - Severe Emissions,Dadu,SUGARCANE,2029,6.806571395907071,26.288430401771752,178.93407841599344,7.878628780441932,44.69823202310157
rcp_8.5,Composite RCP 8.5 / Near-Term 1.5C SWL - Severe Emissions,Dadu,WHEAT,2029,84.60959071681691,3.5730251806705304,302.3121981574144,2.87315662636619,4.272893734974871
rcp_8.5,Composite RCP 8.5 / Near-Term 1.5C SWL - Severe Emissions,Ghotki,COTTON,2029,83.67784268892231,3.4801207272667245,291.20899475468286,0.9969010690351716,5.963340385498277
rcp_8.5,Composite RCP 8.5 / Near-Term 1.5C SWL - Severe Emissions,Ghotki,RICE,2029,47.649957699782135,2.984452532473061,142.20903692934903,1.7546757120160574,4.214229352930064
rcp_8.5,Composite RCP 8.5 / Near-Term 1.5C SWL - Severe Emissions,Ghotki,SUGARCANE,2029,59.56016234137269,28.378305655947717,1690.2164918413407,9.968504034617897,46.78810727727753
rcp_8.5,Composite RCP 8.5 / Near-Term 1.5C SWL - Severe Emissions,Ghotki,WHEAT,2029,115.65662169886741,3.6065311937425877,417.1192139198512,2.906662639438247,4.306399748046928
rcp_8.5,Composite RCP 8.5 / Near-Term 1.5C SWL - Severe Emissions,Hyderabad,COTTON,2029,3.4124999999999996,2.862932744179179,9.769757989511447,0.3797130859476261,5.346152402410732
rcp_8.5,Composite RCP 8.5 / Near-Term 1.5C SWL - Severe Emissions,Hyderabad,RICE,2029,0.5025000000000001,2.8108418159074935,1.4124480124935157,1.58106499545049,4.040618636364497
rcp_8.5,Composite RCP 8.5 / Near-Term 1.5C SWL - Severe Emissions,Hyderabad,SUGARCANE,2029,2.5425,26.5300080535858,67.4525454762419,8.12020643225598,44.93980967491562
rcp_8.5,Composite RCP 8.5 / Near-Term 1.5C SWL - Severe Emissions,Hyderabad,WHEAT,2029,8.865,3.2928593210184562,29.191197880828614,2.5929907667141157,3.992727875322797
rcp_8.5,Composite RCP 8.5 / Near-Term 1.5C SWL - Severe Emissions,Jacobabad,RICE,2029,105.25837087001128,3.0361467487336355,319.579860493984,1.8063699282766321,4.2659235691906385
rcp_8.5,Composite RCP 8.5 / Near-Term 1.5C SWL - Severe Emissions,Jacobabad,SUGARCANE,2029,0.14347319080827692,25.773954508204934,3.6978714930395356,7.3641528868751145,44.18375612953476
rcp_8.5,Composite RCP 8.5 / Near-Term 1.5C SWL - Severe Emissions,Jacobabad,WHEAT,2029,31.29944895392663,3.264329750703629,102.17172240093227,2.5644611963992885,3.9641983050079697
rcp_8.5,Composite RCP 8.5 / Near-Term 1.5C SWL - Severe Emissions,Jamshoro,COTTON,2029,15.650568194809807,3.168249216739417,49.584900424733,0.6850295585078641,5.65146887497097
rcp_8.5,Composite RCP 8.5 / Near-Term 1.5C SWL - Severe Emissions,Jamshoro,RICE,2029,0.4915010860866289,2.6331858180327363,1.2942136894309983,1.403408997575733,3.8629626384897398
rcp_8.5,Composite RCP 8.5 / Near-Term 1.5C SWL - Severe Emissions,Jamshoro,SUGARCANE,2029,0.5138550360123447,29.103695800911822,14.95508065386987,10.693894179582003,47.51349742224164
rcp_8.5,Composite RCP 8.5 / Near-Term 1.5C SWL - Severe Emissions,Jamshoro,WHEAT,2029,38.581377615181964,3.265219266966893,125.97665753521736,2.5653507126625525,3.9650878212712337
rcp_8.5,Composite RCP 8.5 / Near-Term 1.5C SWL - Severe Emissions,Karachi,COTTON,2029,0.5078175374413956,2.9688832775023313,1.5076509949321732,0.4856636192707784,5.452102935733884
rcp_8.5,Composite RCP 8.5 / Near-Term 1.5C SWL - Severe Emissions,Karachi,WHEAT,2029,1.5539316337029447,2.763773273064291,4.294714717397329,2.06390471875995,3.4636418273686322
rcp_8.5,Composite RCP 8.5 / Near-Term 1.5C SWL - Severe Emissions,Kashmore,RICE,2029,92.05191379901726,2.9042233988712325,267.33932196598363,1.674446578414229,4.134000219328236
rcp_8.5,Composite RCP 8.5 / Near-Term 1.5C SWL - Severe Emissions,Kashmore,SUGARCANE,2029,0.09396250142906082,18.151489473724748,1.705559355614444,0.0,36.56129109505457
rcp_8.5,Composite RCP 8.5 / Near-Term 1.5C SWL - Severe Emissions,Kashmore,WHEAT,2029,44.08714073396618,3.5492985163020654,156.4784231950665,2.849429961997725,4.249167070606406
rcp_8.5,Composite RCP 8.5 / Near-Term 1.5C SWL - Severe Emissions,Khairpur,COTTON,2029,83.24196867497415,3.2191497012334525,267.9683585901274,0.7359300430018996,5.702369359465005
rcp_8.5,Composite RCP 8.5 / Near-Term 1.5C SWL - Severe Emissions,Khairpur,RICE,2029,9.045414427803678,2.9043893386870514,26.271405228119036,1.674612518230048,4.134166159144055
rcp_8.5,Composite RCP 8.5 / Near-Term 1.5C SWL - Severe Emissions,Khairpur,SUGARCANE,2029,24.04748942494564,26.989094234499916,649.019958192998,8.579292613170097,45.398895855829736
rcp_8.5,Composite RCP 8.5 / Near-Term 1.5C SWL - Severe Emissions,Khairpur,WHEAT,2029,106.70021378758389,3.658607953677552,390.3742508223496,2.9587393993732114,4.358476507981893
rcp_8.5,Composite RCP 8.5 / Near-Term 1.5C SWL - Severe Emissions,Larkana,COTTON,2029,0.10500000000000001,2.754493193200041,0.28922178528600434,0.27127353496848805,5.237712851431594
rcp_8.5,Composite RCP 8.5 / Near-Term 1.5C SWL - Severe Emissions,Larkana,RICE,2029,98.24711901223259,3.0902528958801563,303.6084440394341,1.8604760754231529,4.32002971633716
rcp_8.5,Composite RCP 8.5 / Near-Term 1.5C SWL - Severe Emissions,Larkana,SUGARCANE,2029,0.727082428261113,26.825303981971807,19.504207158054566,8.415502360641987,45.235105603301626
rcp_8.5,Composite RCP 8.5 / Near-Term 1.5C SWL - Severe Emissions,Larkana,WHEAT,2029,52.75632102435094,3.597088385694966,189.76914962868793,2.8972198313906254,4.296956939999307
rcp_8.5,Composite RCP 8.5 / Near-Term 1.5C SWL - Severe Emissions,Matiari,COTTON,2029,42.68860523608055,3.2825329310066342,140.12675246617664,0.7993132727750814,5.765752589238187
rcp_8.5,Composite RCP 8.5 / Near-Term 1.5C SWL - Severe Emissions,Matiari,RICE,2029,0.8481216417057328,3.0924519281131975,2.622775406167424,1.862675107656194,4.3222287485702005
rcp_8.5,Composite RCP 8.5 / Near-Term 1.5C SWL - Severe Emissions,Matiari,SUGARCANE,2029,13.923906482222606,29.078152848538167,404.8814809388203,10.668351227208348,47.48795446986799
rcp_8.5,Composite RCP 8.5 / Near-Term 1.5C SWL - Severe Emissions,Matiari,WHEAT,2029,43.46182119583841,3.6921589987069092,160.46795422840546,2.9922904444025686,4.39202755301125
rcp_8.5,Composite RCP 8.5 / Near-Term 1.5C SWL - Severe Emissions,Mirpurkhas,COTTON,2029,28.085092031553927,3.5550073368017445,99.84270822692642,1.0717876785701916,6.038226995033297
rcp_8.5,Composite RCP 8.5 / Near-Term 1.5C SWL - Severe Emissions,Mirpurkhas,SUGARCANE,2029,20.347887275637163,29.001661890611338,590.1225469563017,10.591860269281518,47.41146351194116
rcp_8.5,Composite RCP 8.5 / Near-Term 1.5C SWL - Severe Emissions,Mirpurkhas,WHEAT,2029,52.627928432605586,3.6008441431407334,189.5049678621775,2.900975588836393,4.300712697445074
rcp_8.5,Composite RCP 8.5 / Near-Term 1.5C SWL - Severe Emissions,Nawabshah,COTTON,2029,63.36875843146197,3.042612138226022,192.80655358787877,0.559392479994469,5.525831796457575
rcp_8.5,Composite RCP 8.5 / Near-Term 1.5C SWL - Severe Emissions,Nawabshah,RICE,2029,11.424575282953924,5.77402268657431,65.96575686825207,4.544245866117306,7.003799507031314
rcp_8.5,Composite RCP 8.5 / Near-Term 1.5C SWL - Severe Emissions,Nawabshah,SUGARCANE,2029,38.56899508402853,26.84062546459129,1035.2159515960725,8.430823843261471,45.25042708592111
rcp_8.5,Composite RCP 8.5 / Near-Term 1.5C SWL - Severe Emissions,Nawabshah,WHEAT,2029,95.68104149994247,3.6500946566315458,349.2448583198812,2.950226102327205,4.349963210935886
rcp_8.5,Composite RCP 8.5 / Near-Term 1.5C SWL - Severe Emissions,Sanghar,COTTON,2029,114.42338058763019,3.447843093058693,394.51386244348686,0.9646234348271401,5.931062751290246
rcp_8.5,Composite RCP 8.5 / Near-Term 1.5C SWL - Severe Emissions,Sanghar,RICE,2029,7.662941579970209,2.912538458578567,22.31861205750404,1.6827616381215638,4.142315279035571
rcp_8.5,Composite RCP 8.5 / Near-Term 1.5C SWL - Severe Emissions,Sanghar,SUGARCANE,2029,14.701579970275418,26.165920981383355,384.68037980371486,7.756119360053535,44.57572260271317
rcp_8.5,Composite RCP 8.5 / Near-Term 1.5C SWL - Severe Emissions,Sanghar,WHEAT,2029,106.98257574025405,3.563143279257085,381.1942457464983,2.8632747249527446,4.263011833561426
rcp_8.5,Composite RCP 8.5 / Near-Term 1.5C SWL - Severe Emissions,Tharparkar,COTTON,2029,0.9480393277695143,2.927283109241916,2.7751795110767596,0.44406345101036315,5.410502767473469
rcp_8.5,Composite RCP 8.5 / Near-Term 1.5C SWL - Severe Emissions,Tharparkar,SUGARCANE,2029,0.43294386646852345,30.91308501785152,13.383630552098822,12.503283396521702,49.32288663918134
rcp_8.5,Composite RCP 8.5 / Near-Term 1.5C SWL - Severe Emissions,Tharparkar,WHEAT,2029,2.2831690865439356,2.937297034334659,6.706345786790075,2.237428480030318,3.637165588639
rcp_8.5,Composite RCP 8.5 / Near-Term 1.5C SWL - Severe Emissions,Thatta,COTTON,2029,6.895752829541436,3.5035047908773933,24.159303075004765,1.0202851326458404,5.986724449108946
rcp_8.5,Composite RCP 8.5 / Near-Term 1.5C SWL - Severe Emissions,Thatta,RICE,2029,92.27630273236491,2.86878769282711,264.7211216181971,1.6390108723701067,4.0985645132841135
rcp_8.5,Composite RCP 8.5 / Near-Term 1.5C SWL - Severe Emissions,Thatta,SUGARCANE,2029,39.8475934606148,26.523732806193784,1056.9069219191817,8.113931184863965,44.933534427523604
rcp_8.5,Composite RCP 8.5 / Near-Term 1.5C SWL - Severe Emissions,Thatta,WHEAT,2029,20.631206127815005,2.8130098455621257,58.03578596336527,2.1131412912577847,3.5128783998664668
rcp_8.5,Composite RCP 8.5 / Near-Term 1.5C SWL - Severe Emissions,Umarkot,COTTON,2029,21.000273236538433,3.5201894790166364,73.92494090373724,1.0369698207850835,6.003409137248189
rcp_8.5,Composite RCP 8.5 / Near-Term 1.5C SWL - Severe Emissions,Umarkot,SUGARCANE,2029,1.1404710186350258,28.30571214234765,32.28184436017305,9.895910521017832,46.71551376367747
rcp_8.5,Composite RCP 8.5 / Near-Term 1.5C SWL - Severe Emissions,Umarkot,WHEAT,2029,36.60751914942276,3.2273281241282135,118.14447610549419,2.527459569823873,3.927196678432554
historical_trend,Historical Trend (Baseline),Badin,COTTON,2025,14.769088830456099,6.924889788348247,102.2743124252336,4.4416701301166945,9.4081094465798
historical_trend,Historical Trend (Baseline),Badin,RICE,2025,120.25213901909046,3.2904090023227655,395.67872077698394,2.060632181865762,4.520185822779769
historical_trend,Historical Trend (Baseline),Badin,SUGARCANE,2025,25.618212339469437,59.57826249446676,1526.2885793998976,41.168460873136944,77.98806411579659
historical_trend,Historical Trend (Baseline),Badin,WHEAT,2025,34.72996608360961,3.3682572307686813,116.97945938546913,2.6683886764643407,4.068125785073022
historical_trend,Historical Trend (Baseline),Dadu,COTTON,2025,10.589163522731809,5.2978229254031195,56.099513271571034,2.8146032671715666,7.781042583634672
historical_trend,Historical Trend (Baseline),Dadu,RICE,2025,48.988192142067646,3.4049107852415226,166.80042377401014,2.175133964784519,4.634687605698526
historical_trend,Historical Trend (Baseline),Dadu,SUGARCANE,2025,6.31528981365031,53.2358084181571,336.19955862462695,34.82600679682728,71.64561003948691
historical_trend,Historical Trend (Baseline),Dadu,WHEAT,2025,80.8246983727754,3.0626543192276507,247.53811157165265,2.36278576492331,3.7625228735319913
historical_trend,Historical Trend (Baseline),Ghotki,COTTON,2025,83.95907587363317,4.741278713705242,398.0733792620203,2.258059055473689,7.224498371936795
historical_trend,Historical Trend (Baseline),Ghotki,RICE,2025,43.226975343926824,3.172076916285281,137.11929064930328,1.9423000958282777,4.401853736742284
historical_trend,Historical Trend (Baseline),Ghotki,SUGARCANE,2025,53.85629282420541,50.48536054759015,2718.9543609866023,32.07555892626033,68.89516216891997
historical_trend,Historical Trend (Baseline),Ghotki,WHEAT,2025,111.64564345870895,3.483968211077225,388.9698727154039,2.7840996567728844,4.183836765381566
historical_trend,Historical Trend (Baseline),Hyderabad,COTTON,2025,3.4124999999999996,6.355189724516227,21.68708493491162,3.871970066284674,8.83840938274778
historical_trend,Historical Trend (Baseline),Hyderabad,RICE,2025,0.5025000000000001,3.152311905685079,1.5840367326067524,1.9225350852280756,4.382088726142083
historical_trend,Historical Trend (Baseline),Hyderabad,SUGARCANE,2025,2.5425,43.48446453219001,110.5592510730931,25.07466291086019,61.89426615351983
historical_trend,Historical Trend (Baseline),Hyderabad,WHEAT,2025,8.865,3.271212252557059,28.99929661891833,2.5713436982527185,3.9710808068613996
historical_trend,Historical Trend (Baseline),Jacobabad,RICE,2025,100.20278914675418,3.368335750807562,337.5166370136441,2.1385589303505586,4.598112571264565
historical_trend,Historical Trend (Baseline),Jacobabad,SUGARCANE,2025,0.14078122022788753,49.67326795457868,6.993063275352409,31.263466333248857,68.0830695759085
historical_trend,Historical Trend (Baseline),Jacobabad,WHEAT,2025,30.499156282153535,2.937075995868167,89.57833981054496,2.237207441563826,3.636944550172508
historical_trend,Historical Trend (Baseline),Jamshoro,COTTON,2025,15.413691551389164,5.143278612064036,79.27691008921202,2.6600589538324835,7.626498270295589
historical_trend,Historical Trend (Baseline),Jamshoro,RICE,2025,0.4699470294576962,2.786655498719811,1.30958047374533,1.5568786782628075,4.016432319176815
historical_trend,Historical Trend (Baseline),Jamshoro,SUGARCANE,2025,0.512859647117105,55.75573989918059,28.594869089446846,37.34593827785077,74.1655415205104
historical_trend,Historical Trend (Baseline),Jamshoro,WHEAT,2025,37.55544262794831,3.8459233508918453,144.43535375590542,3.1460547965875048,4.545791905196186
historical_trend,Historical Trend (Baseline),Karachi,COTTON,2025,0.4755657177698911,4.502646140091881,2.1413041434766247,2.019426481860328,6.985865798323434
historical_trend,Historical Trend (Baseline),Karachi,WHEAT,2025,1.461579970275487,3.2712210981136627,4.781151235345513,2.571352543809322,3.9710896524180033
historical_trend,Historical Trend (Baseline),Kashmore,RICE,2025,85.6398182233911,3.525840905167673,301.95237420315624,2.2960640847106695,4.755617725624676
historical_trend,Historical Trend (Baseline),Kashmore,SUGARCANE,2025,0.08937273731946149,48.80286549688803,4.361645678490385,30.393063875558212,67.21266711821785
historical_trend,Historical Trend (Baseline),Kashmore,WHEAT,2025,41.180504553942455,2.9202679538595286,120.25810777264454,2.2203993995551876,3.6201365081638697
historical_trend,Historical Trend (Baseline),Khairpur,COTTON,2025,81.74293129072817,4.403576246733344,359.9612305702064,1.9203565885017913,6.886795904964897
historical_trend,Historical Trend (Baseline),Khairpur,RICE,2025,8.440489310620706,3.170797791521241,26.763084865474774,1.9410209710642374,4.400574611978245
historical_trend,Historical Trend (Baseline),Khairpur,SUGARCANE,2025,23.158410502648508,58.8085521379376,1361.9125914767665,40.398750516607784,77.21835375926742
historical_trend,Historical Trend (Baseline),Khairpur,WHEAT,2025,105.93816965816819,3.622648009664956,383.77669945971144,2.9227794553606152,4.322516563969296
historical_trend,Historical Trend (Baseline),Larkana,COTTON,2025,0.23234785259711543,4.453575509479629,1.0347787060066962,1.970355851248076,6.936795167711182
historical_trend,Historical Trend (Baseline),Larkana,RICE,2025,102.024897298121,3.407886357309806,347.68925560820065,2.1781095368528027,4.637663177766809
historical_trend,Historical Trend (Baseline),Larkana,SUGARCANE,2025,0.6961552532296746,54.345583492936015,37.8329634384393,35.935781871606196,72.75538511426583
historical_trend,Historical Trend (Baseline),Larkana,WHEAT,2025,52.33837811059007,3.2917649652360303,172.28563940171674,2.5918964109316898,3.991633519540371
historical_trend,Historical Trend (Baseline),Matiari,COTTON,2025,40.43170953850813,6.791673029696313,274.59895121720086,4.30845337146476,9.274892687927867
historical_trend,Historical Trend (Baseline),Matiari,RICE,2025,0.8474006325978469,3.060143956698248,2.5931679247465733,1.8303671362412444,4.289920777155251
historical_trend,Historical Trend (Baseline),Matiari,SUGARCANE,2025,13.304736481079317,56.01900773077096,745.3181357894526,37.60920610944114,74.42880935210079
historical_trend,Historical Trend (Baseline),Matiari,WHEAT,2025,42.07977325559227,3.8390937668254432,161.54819521497228,3.1392252125211026,4.538962321129784
historical_trend,Historical Trend (Baseline),Mirpurkhas,COTTON,2025,29.704283373347266,6.900141368384158,204.96375452263922,4.4169217101526055,9.383361026615711
historical_trend,Historical Trend (Baseline),Mirpurkhas,SUGARCANE,2025,19.055146907511016,54.83105000713299,1044.813712979002,36.42124838580317,73.2408516284628
historical_trend,Historical Trend (Baseline),Mirpurkhas,WHEAT,2025,55.32331504134754,3.267784542715563,180.7846737438989,2.5679159884112224,3.9676530970199035
historical_trend,Historical Trend (Baseline),Nawabshah,COTTON,2025,61.82248351815838,4.70745636335486,291.0266434359556,2.2242367051233067,7.1906760215864125
historical_trend,Historical Trend (Baseline),Nawabshah,RICE,2025,10.222468655919897,3.131719274158227,32.013902119222685,1.9019424537012237,4.36149609461523
historical_trend,Historical Trend (Baseline),Nawabshah,SUGARCANE,2025,36.45111695438413,61.292470053777485,2234.1789943533304,42.882668432447666,79.70227167510731
historical_trend,Historical Trend (Baseline),Nawabshah,WHEAT,2025,92.76762509050695,3.239180648802704,300.49109602855435,2.5393120944983636,3.9390492031070448
historical_trend,Historical Trend (Baseline),Sanghar,COTTON,2025,114.1307362524295,5.815525979427138,663.7302617271504,3.332306321195585,8.29874563765869
historical_trend,Historical Trend (Baseline),Sanghar,RICE,2025,7.332498380397027,3.1588823788570846,23.16249992683428,1.9291055584000811,4.3886591993140875
historical_trend,Historical Trend (Baseline),Sanghar,SUGARCANE,2025,14.298380397088437,55.32058391118764,790.9947525512113,36.91078228985782,73.73038553251746
historical_trend,Historical Trend (Baseline),Sanghar,WHEAT,2025,107.77841126481479,3.521086434902589,379.4971018798918,2.8212178805982484,4.22095498920693
historical_trend,Historical Trend (Baseline),Tharparkar,COTTON,2025,0.9310643649251116,5.090115321680489,4.739224989376025,2.6068956634489364,7.573334979912042
historical_trend,Historical Trend (Baseline),Tharparkar,SUGARCANE,2025,0.4922114248694953,52.78170826158934,25.9797598304829,34.37190664025952,71.19150988291915
historical_trend,Historical Trend (Baseline),Tharparkar,WHEAT,2025,2.208946305399934,3.2036619600727585,7.07671725045303,2.503793405768418,3.903530514377099
historical_trend,Historical Trend (Baseline),Thatta,COTTON,2025,6.20801989253448,4.716415099584475,29.279598759670414,2.2331954413529225,7.199634757816028
historical_trend,Historical Trend (Baseline),Thatta,RICE,2025,86.67400708814421,3.037047781772828,263.23310096441077,1.8072709613158247,4.266824602229832
historical_trend,Historical Trend (Baseline),Thatta,SUGARCANE,2025,38.223687359475434,57.68578675872712,2204.963478150953,39.2759851373973,76.09558838005694
historical_trend,Historical Trend (Baseline),Thatta,WHEAT,2025,19.856964292519137,2.9868279284142067,59.30933552241981,2.286959374109866,3.6866964827185473
historical_trend,Historical Trend (Baseline),Umarkot,COTTON,2025,21.14404214778415,7.158806455619789,151.36610542545407,4.675586797388236,9.642026113851342
historical_trend,Historical Trend (Baseline),Umarkot,SUGARCANE,2025,1.5808871613125177,56.13315697196518,88.74018718091999,37.72335535063536,74.542958593295
historical_trend,Historical Trend (Baseline),Umarkot,WHEAT,2025,36.304680080789666,3.431989621874025,124.59728526272677,2.7321210675696843,4.1318581761783655
historical_trend,Historical Trend (Baseline),Badin,COTTON,2026,14.907894135131983,5.992355112298786,89.33339563426723,3.5091354540672333,8.47557477053034
historical_trend,Historical Trend (Baseline),Badin,RICE,2026,122.19404024236701,3.259426606342168,398.28250590241663,2.0296497858851645,4.489203426799172
historical_trend,Historical Trend (Baseline),Badin,SUGARCANE,2026,25.079921115811885,60.11278089098802,1507.6238027980637,41.7029792696582,78.52258251231784
historical_trend,Historical Trend (Baseline),Badin,WHEAT,2026,34.91463930490454,3.3991143075917236,118.67885000570537,2.699245753287383,4.098982861896064
historical_trend,Historical Trend (Baseline),Dadu,COTTON,2026,10.537564879387446,4.932332422675538,51.97477291064975,2.449112764443985,7.415552080907091
historical_trend,Historical Trend (Baseline),Dadu,RICE,2026,49.322459128844116,3.3399472837818376,164.7344133968236,2.110170463324834,4.569724104238841
historical_trend,Historical Trend (Baseline),Dadu,SUGARCANE,2026,6.4381102092145,53.48535626704949,344.34461822636604,35.07555464571967,71.89515788837932
historical_trend,Historical Trend (Baseline),Dadu,WHEAT,2026,81.77092145878578,3.2905162481139625,269.0685456833853,2.590647693809622,3.990384802418303
historical_trend,Historical Trend (Baseline),Ghotki,COTTON,2026,83.88876757745547,4.398265207500536,368.9650477360214,1.9150455492689833,6.881484865732089
historical_trend,Historical Trend (Baseline),Ghotki,RICE,2026,44.33272093289088,3.1832501570745784,141.12214087316835,1.953473336617575,4.413026977531581
historical_trend,Historical Trend (Baseline),Ghotki,SUGARCANE,2026,55.28226020349712,54.086180217132224,2990.0062881767417,35.676378595802404,72.49598183846204
historical_trend,Historical Trend (Baseline),Ghotki,WHEAT,2026,112.64838801874862,3.4942380187502566,393.62028016604233,2.794369464445916,4.194106573054597
historical_trend,Historical Trend (Baseline),Hyderabad,COTTON,2026,3.4124999999999996,5.693543700521942,19.429217878031125,3.210324042290389,8.176763358753494
historical_trend,Historical Trend (Baseline),Hyderabad,RICE,2026,0.5025000000000001,3.2523674352931264,1.6343146362347962,2.022590614836123,4.48214425575013
historical_trend,Historical Trend (Baseline),Hyderabad,SUGARCANE,2026,2.5425,44.556865125476385,113.28582958152371,26.147063504146566,62.966666746806204
historical_trend,Historical Trend (Baseline),Hyderabad,WHEAT,2026,8.865,3.190408684548781,28.282972988524943,2.4905401302444403,3.8902772388531215
historical_trend,Historical Trend (Baseline),Jacobabad,RICE,2026,101.46668457756869,3.3330083045164534,338.18930232878796,2.10323148405945,4.562785124973457
historical_trend,Historical Trend (Baseline),Jacobabad,SUGARCANE,2026,0.14145421287298476,56.17373116201975,7.94601092566216,37.76392954068993,74.58353278334957
historical_trend,Historical Trend (Baseline),Jacobabad,WHEAT,2026,30.699229450096823,3.0705908296794364,94.2647724276922,2.370722275375096,3.770459383983777
historical_trend,Historical Trend (Baseline),Jamshoro,COTTON,2026,15.472910712244328,4.9528274296237065,76.63465659172219,2.4696077713921536,7.436047087855259
historical_trend,Historical Trend (Baseline),Jamshoro,RICE,2026,0.47533554361493024,2.719416637434151,1.292635385670248,1.4896398169771476,3.9491934578911545
historical_trend,Historical Trend (Baseline),Jamshoro,SUGARCANE,2026,0.513108494340915,56.224692354925125,28.849367239016786,37.814890733595306,74.63449397625494
historical_trend,Historical Trend (Baseline),Jamshoro,WHEAT,2026,37.811926374756695,3.448238655663868,130.38454617055217,2.7483701013595274,4.148107209968209
historical_trend,Historical Trend (Baseline),Karachi,COTTON,2026,0.4836286726877699,3.9387247644226537,1.904880229900177,1.4555051061911009,6.421944422654207
historical_trend,Historical Trend (Baseline),Karachi,WHEAT,2026,1.4846678861323497,3.2395294563149335,4.809625349970572,2.539660902010593,3.939398010619274
historical_trend,Historical Trend (Baseline),Kashmore,RICE,2026,87.24284211729764,3.5394675508661493,308.79320871951364,2.309690730409146,4.769244371323152
historical_trend,Historical Trend (Baseline),Kashmore,SUGARCANE,2026,0.09052017834686144,51.632402460009814,4.673774279157016,33.222600838679995,70.04220408133963
historical_trend,Historical Trend (Baseline),Kashmore,WHEAT,2026,41.90716359894827,3.0831854978076745,129.20755906253098,2.383316943503334,3.783054052112015
historical_trend,Historical Trend (Baseline),Khairpur,COTTON,2026,82.11769063678958,3.7494494092376556,307.89612664607125,1.2662297510061027,6.2326690674692085
historical_trend,Historical Trend (Baseline),Khairpur,RICE,2026,8.591720589916406,3.1814644418437457,27.334253551075815,1.9516876213867422,4.411241262300749
historical_trend,Historical Trend (Baseline),Khairpur,SUGARCANE,2026,23.38068023322279,58.99116702437101,1379.2536127814553,40.58136540304119,77.40096864570083
historical_trend,Historical Trend (Baseline),Khairpur,WHEAT,2026,106.12868069052212,3.6055571529061847,382.6530237922085,2.905688598601844,4.305425707210525
historical_trend,Historical Trend (Baseline),Larkana,COTTON,2026,0.10500000000000001,4.134549943658015,0.4341277440840916,1.6513302854264618,6.6177696018895675
historical_trend,Historical Trend (Baseline),Larkana,RICE,2026,101.0804527266489,3.432039768587966,346.91213358473493,2.202262948130963,4.661816589044969
historical_trend,Historical Trend (Baseline),Larkana,SUGARCANE,2026,0.7038870469875338,63.02827388478083,44.36478558147987,44.61847226345101,81.43807550611065
historical_trend,Historical Trend (Baseline),Larkana,WHEAT,2026,52.44286383903028,3.33513428313175,174.90399309516025,2.6352657288274095,4.035002837436091
historical_trend,Historical Trend (Baseline),Matiari,COTTON,2026,40.99593346290135,5.949694796500175,243.91329200189156,3.4664751382686223,8.432914454731728
historical_trend,Historical Trend (Baseline),Matiari,RICE,2026,0.8475808848748183,3.035997693132675,2.5732536112232998,1.8062208726756714,4.265774513589678
historical_trend,Historical Trend (Baseline),Matiari,SUGARCANE,2026,13.45952898136511,57.769293378553826,777.5474784616288,39.359491757224006,76.17909499988365
historical_trend,Historical Trend (Baseline),Matiari,WHEAT,2026,42.42528524065381,3.5862314636901127,152.14689278606045,2.886362909385772,4.286100017994453
historical_trend,Historical Trend (Baseline),Mirpurkhas,COTTON,2026,29.29948553789893,6.06916185002248,177.82331985190157,3.5859421917909273,8.552381508254033
historical_trend,Historical Trend (Baseline),Mirpurkhas,SUGARCANE,2026,19.378331999542524,55.52336740959791,1075.9502473957677,37.11356578826809,73.93316903092773
historical_trend,Historical Trend (Baseline),Mirpurkhas,WHEAT,2026,54.64946838916194,3.3193203464914687,181.39909234908757,2.619451792187128,4.019188900795809
historical_trend,Historical Trend (Baseline),Nawabshah,COTTON,2026,62.20905224648425,4.486617403226568,279.1082164473071,2.0033977449950156,6.969837061458121
historical_trend,Historical Trend (Baseline),Nawabshah,RICE,2026,10.522995312678404,3.174133451177136,33.40139142855273,1.9443566307201325,4.403910271634139
historical_trend,Historical Trend (Baseline),Nawabshah,SUGARCANE,2026,36.980586486795346,57.976106801134186,2143.9904317270266,39.56630517980437,76.38590842246401
historical_trend,Historical Trend (Baseline),Nawabshah,WHEAT,2026,93.49597919286589,3.30056404886839,308.5894676377202,2.6006954945640492,4.00043260317273
historical_trend,Historical Trend (Baseline),Sanghar,COTTON,2026,114.20389733622966,5.681960360200848,648.9020176449042,3.198740701969295,8.165180018432402
historical_trend,Historical Trend (Baseline),Sanghar,RICE,2026,7.4151091802903295,3.1331301991524754,23.232502502780388,1.903353378695472,4.362907019609478
historical_trend,Historical Trend (Baseline),Sanghar,SUGARCANE,2026,14.399180290385175,54.36548582498784,782.8184319683795,35.95568420365802,72.77528744631766
historical_trend,Historical Trend (Baseline),Sanghar,WHEAT,2026,107.5794523836746,3.531758718228742,379.9446688583166,2.8318901639244016,4.231627272533083
historical_trend,Historical Trend (Baseline),Tharparkar,COTTON,2026,0.9353081056362118,4.621030188283897,4.322086991491559,2.1378105300523442,7.10424984651545
historical_trend,Historical Trend (Baseline),Tharparkar,SUGARCANE,2026,0.47739453526925146,52.84660548019822,25.228680663776707,34.4368038588684,71.25640710152804
historical_trend,Historical Trend (Baseline),Tharparkar,WHEAT,2026,2.2275020006859307,3.0468915002780443,6.786956912742301,2.3470229459737038,3.746760054582385
historical_trend,Historical Trend (Baseline),Thatta,COTTON,2026,6.3799531267862335,4.033903769512572,25.73611696745651,1.5506841112810195,6.517123427744125
historical_trend,Historical Trend (Baseline),Thatta,RICE,2026,88.0745809991995,3.206575871067927,282.4178262864508,1.9767990506109236,4.436352691524931
historical_trend,Historical Trend (Baseline),Thatta,SUGARCANE,2026,38.62966388476036,56.83104198885186,2195.3640502500502,38.42124036752204,75.24084361018168
historical_trend,Historical Trend (Baseline),Thatta,WHEAT,2026,20.05052475134312,3.213024827338714,64.42283382723483,2.5131562730343733,3.9128933816430544
historical_trend,Historical Trend (Baseline),Umarkot,COTTON,2026,21.108099919972716,6.0893081007957415,128.5337238350958,3.6060884425641886,8.572527759027295
historical_trend,Historical Trend (Baseline),Umarkot,SUGARCANE,2026,1.4707831256431518,56.47293372339054,83.0594379759269,38.06313210206072,74.88273534472036
historical_trend,Historical Trend (Baseline),Umarkot,WHEAT,2026,36.38038984794795,3.39048285316498,123.34708797092485,2.6906142988606394,4.090351407469321
historical_trend,Historical Trend (Baseline),Badin,COTTON,2027,15.046699439807867,5.727265483141987,86.17644233682347,3.244045824910434,8.210485141373539
historical_trend,Historical Trend (Baseline),Badin,RICE,2027,124.1359414656431,3.3158337461680043,411.61414382411544,2.086056925711001,4.545610566625008
historical_trend,Historical Trend (Baseline),Badin,SUGARCANE,2027,24.541629892154106,59.79804929617465,1467.5415940995047,41.388247674844834,78.20785091750447
historical_trend,Historical Trend (Baseline),Badin,WHEAT,2027,35.09931252619947,3.2740918071253216,114.91837157776085,2.574223252820981,3.973960361429662
historical_trend,Historical Trend (Baseline),Dadu,COTTON,2027,10.485966236043069,4.746760074280848,49.77436586950626,2.2635404160492953,7.229979732512401
historical_trend,Historical Trend (Baseline),Dadu,RICE,2027,49.656726115620586,3.3998736112575596,168.82659274194253,2.170096790800556,4.629650431714563
historical_trend,Historical Trend (Baseline),Dadu,SUGARCANE,2027,6.56093060477869,53.26026291759794,349.4368889946279,34.85046129626812,71.67006453892776
historical_trend,Historical Trend (Baseline),Dadu,WHEAT,2027,82.71714454479616,3.358088497899751,277.7714916749911,2.6582199435954106,4.057957052204092
historical_trend,Historical Trend (Baseline),Ghotki,COTTON,2027,83.81845928127774,4.622702906294571,387.46783532069577,2.1394832480630184,7.105922564526124
historical_trend,Historical Trend (Baseline),Ghotki,RICE,2027,45.43846652185448,3.139088457971967,142.63536580669904,1.9093116375149637,4.36886527842897
historical_trend,Historical Trend (Baseline),Ghotki,SUGARCANE,2027,56.70822758278882,54.14721225351087,3070.592435445666,35.73741063218105,72.55701387484069
historical_trend,Historical Trend (Baseline),Ghotki,WHEAT,2027,113.65113257878829,3.514424087956032,399.4182779583781,2.814555533651691,4.214292642260372
historical_trend,Historical Trend (Baseline),Hyderabad,COTTON,2027,3.4124999999999996,5.5351508864500065,18.888702400010644,3.0519312282184536,8.01837054468156
historical_trend,Historical Trend (Baseline),Hyderabad,RICE,2027,0.5025000000000001,3.3917942108561574,1.7043765909552193,2.162017390399154,4.621571031313161
historical_trend,Historical Trend (Baseline),Hyderabad,SUGARCANE,2027,2.5425,46.39863961823686,117.9685412293672,27.988837996907037,64.80844123956668
historical_trend,Historical Trend (Baseline),Hyderabad,WHEAT,2027,8.865,3.3004200749044657,29.25822396402809,2.600551520600125,4.000288629208806
historical_trend,Historical Trend (Baseline),Jacobabad,RICE,2027,102.73058000838273,3.290774916832347,338.0632158832244,2.0609980963753434,4.520551737289351
historical_trend,Historical Trend (Baseline),Jacobabad,SUGARCANE,2027,0.14212720551808222,55.77400962141486,7.927004128030325,37.36420800008504,74.18381124274468
historical_trend,Historical Trend (Baseline),Jacobabad,WHEAT,2027,30.89930261804011,3.1872807768958804,98.4847532539678,2.48741222259154,3.887149331200221
historical_trend,Historical Trend (Baseline),Jamshoro,COTTON,2027,15.532129873099478,4.889114207892756,75.93835684140616,2.4058945496612028,7.3723338661243085
historical_trend,Historical Trend (Baseline),Jamshoro,RICE,2027,0.48072405777216254,2.8392822298643665,1.364911274700792,1.609505409407363,4.0690590503213695
historical_trend,Historical Trend (Baseline),Jamshoro,SUGARCANE,2027,0.5133573415647249,55.89950942620975,28.696423553811318,37.48970780487993,74.30931104753957
historical_trend,Historical Trend (Baseline),Jamshoro,WHEAT,2027,38.06841012156508,3.254759165269233,123.90350675039198,2.5548906109648923,3.9546277195735735
historical_trend,Historical Trend (Baseline),Karachi,COTTON,2027,0.4916916276056451,3.7776899778204704,1.8574585337840805,1.2944703195889176,6.260909636052023
historical_trend,Historical Trend (Baseline),Karachi,WHEAT,2027,1.5077558019892194,3.145094517499248,4.742034506563976,2.4452259631949076,3.8449630718035888
historical_trend,Historical Trend (Baseline),Kashmore,RICE,2027,88.84586601120418,3.399242511172842,302.00864468725155,2.1694656907158385,4.629019331629845
historical_trend,Historical Trend (Baseline),Kashmore,SUGARCANE,2027,0.09166761937426093,51.00685581044915,4.675677043910063,32.59705418911933,69.41665743177897
historical_trend,Historical Trend (Baseline),Kashmore,WHEAT,2027,42.63382264395432,3.3564224555095814,143.09711968638115,2.656553901205241,4.056291009813922
historical_trend,Historical Trend (Baseline),Khairpur,COTTON,2027,82.4924499828511,4.310616858496733,355.59334559477645,1.82739720026518,6.793836516728286
historical_trend,Historical Trend (Baseline),Khairpur,RICE,2027,8.742951869212163,3.224001023704938,28.187285776543014,1.9942242032479345,4.453777844161941
historical_trend,Historical Trend (Baseline),Khairpur,SUGARCANE,2027,23.602949963797073,57.80492429180572,1364.3667357205684,39.3951226704759,76.21472591313554
historical_trend,Historical Trend (Baseline),Khairpur,WHEAT,2027,106.31919172287604,3.5552607104297502,377.9924450969891,2.8553921561254096,4.255129264734091
historical_trend,Historical Trend (Baseline),Larkana,COTTON,2027,0.10500000000000001,4.234996572713473,0.4446746401349147,1.75177691448192,6.718216230945026
historical_trend,Historical Trend (Baseline),Larkana,RICE,2027,100.1360081551768,3.4059349674980686,341.0567316813884,2.176158147041065,4.635711787955072
historical_trend,Historical Trend (Baseline),Larkana,SUGARCANE,2027,0.7116188407453929,58.49600633954134,41.62686021957956,40.08620471821152,76.90580796087116
historical_trend,Historical Trend (Baseline),Larkana,WHEAT,2027,52.54734956747052,3.37415769095737,177.3030436825061,2.6742891366530293,4.07402624526171
historical_trend,Historical Trend (Baseline),Matiari,COTTON,2027,41.56015738729434,5.489708308645305,228.15314131763628,3.0064886504137522,7.972927966876858
historical_trend,Historical Trend (Baseline),Matiari,RICE,2027,0.8477611371517899,2.9568220752620364,2.5066788448796595,1.727045254805033,4.18659889571904
historical_trend,Historical Trend (Baseline),Matiari,SUGARCANE,2027,13.614321481650961,63.65337917124732,866.5975674307863,45.243577549917504,82.06318079257714
historical_trend,Historical Trend (Baseline),Matiari,WHEAT,2027,42.77079722571534,3.507703554265907,150.0272774474281,2.8078349999615666,4.207572108570248
historical_trend,Historical Trend (Baseline),Mirpurkhas,COTTON,2027,28.894687702450597,5.754017573901917,166.26054083230835,3.2707979156703644,8.23723723213347
historical_trend,Historical Trend (Baseline),Mirpurkhas,SUGARCANE,2027,19.701517091574033,55.9652043711687,1102.599430452014,37.55540274983888,74.37500599249853
historical_trend,Historical Trend (Baseline),Mirpurkhas,WHEAT,2027,53.975621736976564,3.3472228173923853,180.66843266094835,2.6473542630880447,4.047091371696726
historical_trend,Historical Trend (Baseline),Nawabshah,COTTON,2027,62.59562097481023,4.501406530536248,281.7683370389825,2.018186872304695,6.984626188767801
historical_trend,Historical Trend (Baseline),Nawabshah,RICE,2027,10.82352196943691,3.288038820087025,35.58816040557333,2.0582619996300218,4.517815640544029
historical_trend,Historical Trend (Baseline),Nawabshah,SUGARCANE,2027,37.51005601920633,58.27159473735442,2185.7707829266533,39.8617931160246,76.68139635868424
historical_trend,Historical Trend (Baseline),Nawabshah,WHEAT,2027,94.2243332952246,3.3743337897780705,317.94435165738724,2.67446523547373,4.074202344082411
historical_trend,Historical Trend (Baseline),Sanghar,COTTON,2027,114.27705842002985,5.300141169569601,605.6845420693106,2.816921511338048,7.783360827801154
historical_trend,Historical Trend (Baseline),Sanghar,RICE,2027,7.497719980183632,3.20931432337518,24.062540125059602,1.9795375029181765,4.439091143832183
historical_trend,Historical Trend (Baseline),Sanghar,SUGARCANE,2027,14.499980183681942,53.29327513809897,772.7514334259446,34.88347351676915,71.7030767594288
historical_trend,Historical Trend (Baseline),Sanghar,WHEAT,2027,107.38049350253442,3.3556385571863396,360.3301242868017,2.655770002881999,4.05550711149068
historical_trend,Historical Trend (Baseline),Tharparkar,COTTON,2027,0.939551846347312,4.8745968995457964,4.579936517167136,2.3913772413142436,7.357816557777349
historical_trend,Historical Trend (Baseline),Tharparkar,SUGARCANE,2027,0.46257764566901116,51.53902034600244,23.840798691741075,33.12921872467262,69.94882196733226
historical_trend,Historical Trend (Baseline),Tharparkar,WHEAT,2027,2.2460576959719347,2.84740506838622,6.395436067398363,2.147536514081879,3.547273622690561
historical_trend,Historical Trend (Baseline),Thatta,COTTON,2027,6.55188636103793,4.6210082434615,30.276320884579242,2.1377885852299467,7.1042279016930525
historical_trend,Historical Trend (Baseline),Thatta,RICE,2027,89.47515491025479,2.9898875898901878,267.5206552696729,1.7601107694331843,4.219664410347191
historical_trend,Historical Trend (Baseline),Thatta,SUGARCANE,2027,39.035640410045175,56.215192481423784,2194.396039286334,37.805390860093965,74.6249941027536
historical_trend,Historical Trend (Baseline),Thatta,WHEAT,2027,20.2440852101671,3.1783971930643036,64.3437436081497,2.478528638759963,3.878265747368644
historical_trend,Historical Trend (Baseline),Umarkot,COTTON,2027,21.072157692161284,5.7708502167555595,121.60426578531627,3.2876305585240067,8.254069874987113
historical_trend,Historical Trend (Baseline),Umarkot,SUGARCANE,2027,1.3606790899737575,55.954416047521676,76.13600390755481,37.544614426191856,74.3642176688515
historical_trend,Historical Trend (Baseline),Umarkot,WHEAT,2027,36.45609961510621,3.2032926919782456,116.77955747510066,2.503424137673905,3.903161246282586
historical_trend,Historical Trend (Baseline),Badin,COTTON,2028,15.185504744483751,5.422626554458601,82.34532127029466,2.939406896227048,7.905846212690154
historical_trend,Historical Trend (Baseline),Badin,RICE,2028,126.07784268891965,3.1925198087555016,402.50601022953595,1.9627429882984981,4.422296629212505
historical_trend,Historical Trend (Baseline),Badin,SUGARCANE,2028,24.003338668496554,50.99253729966337,1223.9911423697627,32.58273567833355,69.40233892099319
historical_trend,Historical Trend (Baseline),Badin,WHEAT,2028,35.2839857474944,3.228141524878568,113.90169955471023,2.5282729705742275,3.9280100791829087
historical_trend,Historical Trend (Baseline),Dadu,COTTON,2028,10.434367592698706,4.696895045303997,49.00912944702714,2.2136753870724437,7.1801147035355495
historical_trend,Historical Trend (Baseline),Dadu,RICE,2028,49.99099310239694,3.478086713396376,173.8730088989367,2.2483098929393726,4.707863533853379
historical_trend,Historical Trend (Baseline),Dadu,SUGARCANE,2028,6.68375100034288,48.81788360915755,326.28657840732905,30.408081987827728,67.22768523048737
historical_trend,Historical Trend (Baseline),Dadu,WHEAT,2028,83.66336763080653,3.3856704858808007,283.2565945370168,2.68580193157646,4.085539040185141
historical_trend,Historical Trend (Baseline),Ghotki,COTTON,2028,83.74815098510004,4.639087274266933,388.51498147836327,2.15586761603538,7.122306932498486
historical_trend,Historical Trend (Baseline),Ghotki,RICE,2028,46.544212110818535,3.4233249281259823,159.33596157894834,2.193548107668979,4.653101748582985
historical_trend,Historical Trend (Baseline),Ghotki,SUGARCANE,2028,58.13419496208098,54.99861534997449,3197.300227399917,36.58881372864467,73.40841697130432
historical_trend,Historical Trend (Baseline),Ghotki,WHEAT,2028,114.65387713882774,3.49142177525078,400.30504325943076,2.7915532209464393,4.1912903295551205
historical_trend,Historical Trend (Baseline),Hyderabad,COTTON,2028,3.4124999999999996,5.34851221703344,18.25179794062661,2.8652925588018867,7.8317318752649925
historical_trend,Historical Trend (Baseline),Hyderabad,RICE,2028,0.5025000000000001,3.3003547697384947,1.6584282717935939,2.0705779492814913,4.530131590195499
historical_trend,Historical Trend (Baseline),Hyderabad,SUGARCANE,2028,2.5425,55.149505369975216,140.217617403162,36.7397037486454,73.55930699130504
historical_trend,Historical Trend (Baseline),Hyderabad,WHEAT,2028,8.865,3.232263736904798,28.654018027661035,2.5323951826004576,3.9321322912091388
historical_trend,Historical Trend (Baseline),Jacobabad,RICE,2028,103.99447543919723,3.302186794450912,343.4091834911668,2.0724099739939086,4.531963614907916
historical_trend,Historical Trend (Baseline),Jacobabad,SUGARCANE,2028,0.14280019816317946,55.533309737512226,7.930167635173969,37.12350811618241,73.94311135884205
historical_trend,Historical Trend (Baseline),Jacobabad,WHEAT,2028,31.09937578598334,3.1935998823573595,99.31896285150371,2.493731328053019,3.8934684366617
historical_trend,Historical Trend (Baseline),Jamshoro,COTTON,2028,15.591349033954643,4.793448829245089,74.73633377316143,2.3102291710135363,7.276668487476642
historical_trend,Historical Trend (Baseline),Jamshoro,RICE,2028,0.4861125719293966,2.8120013394060734,1.3669492033675945,1.58222451894907,4.041778159863076
historical_trend,Historical Trend (Baseline),Jamshoro,SUGARCANE,2028,0.5136061887885348,47.51284669688214,24.402892110479563,29.103045075552323,65.92264831821197
historical_trend,Historical Trend (Baseline),Jamshoro,WHEAT,2028,38.32489386837358,3.206923421856284,122.90499978664351,2.5070548675519433,3.9067919761606245
historical_trend,Historical Trend (Baseline),Karachi,COTTON,2028,0.49975458252352034,3.4330346641012843,1.7156748053467112,0.9498150058697314,5.916254322332837
historical_trend,Historical Trend (Baseline),Karachi,WHEAT,2028,1.530843717846082,3.175817674835133,4.861680536545915,2.4759491205307924,3.8756862291394736
historical_trend,Historical Trend (Baseline),Kashmore,RICE,2028,90.44888990511072,3.5204420681141,318.42007703617253,2.290665247657097,4.750218888571103
historical_trend,Historical Trend (Baseline),Kashmore,SUGARCANE,2028,0.09281506040166088,51.423059201859324,4.772834345858756,33.013257580529505,69.83286082318915
historical_trend,Historical Trend (Baseline),Kashmore,WHEAT,2028,43.360481688960135,3.36485697476334,145.9018192401956,2.6649884204589993,4.0647255290676805
historical_trend,Historical Trend (Baseline),Khairpur,COTTON,2028,82.86720932891262,4.028443647402298,333.82588299901454,1.5452239891707453,6.511663305633851
historical_trend,Historical Trend (Baseline),Khairpur,RICE,2028,8.89418314850792,3.1998431636245295,28.459991143777565,1.970066343167526,4.429619984081533
historical_trend,Historical Trend (Baseline),Khairpur,SUGARCANE,2028,23.825219694371356,56.26895248755235,1340.6201549880782,37.85915086622253,74.67875410888217
historical_trend,Historical Trend (Baseline),Khairpur,WHEAT,2028,106.50970275522997,3.516582514684912,374.5501583533291,2.8167139603805715,4.216451068989253
historical_trend,Historical Trend (Baseline),Larkana,COTTON,2028,0.10500000000000001,3.8314324234817176,0.4023004044655804,1.3482127652501648,6.3146520817132705
historical_trend,Historical Trend (Baseline),Larkana,RICE,2028,99.19156358370469,3.3673277509028336,334.01050471085176,2.13755093044583,4.5971045713598375
historical_trend,Historical Trend (Baseline),Larkana,SUGARCANE,2028,0.7193506345032521,61.832894173859174,44.47953165713804,43.423092552529354,80.242695795189
historical_trend,Historical Trend (Baseline),Larkana,WHEAT,2028,52.65183529591073,3.461854275988835,182.27298115780843,2.7619857216844945,4.161722830293176
historical_trend,Historical Trend (Baseline),Matiari,COTTON,2028,42.12438131168756,5.122959088771429,215.8014820995831,2.6397394305398763,7.606178747002982
historical_trend,Historical Trend (Baseline),Matiari,RICE,2028,0.8479413894287613,3.032975147127128,2.5717851603578783,1.8031983266701244,4.262751967584132
historical_trend,Historical Trend (Baseline),Matiari,SUGARCANE,2028,13.769113981936755,65.70064986238255,904.6397366424627,47.29084824105273,84.11045148371237
historical_trend,Historical Trend (Baseline),Matiari,WHEAT,2028,43.116309210776876,3.5019282636771516,150.99022185066303,2.802059709372811,4.201796817981492
historical_trend,Historical Trend (Baseline),Mirpurkhas,COTTON,2028,28.489889867002262,5.401773518314491,153.89593262326918,2.9185538600829384,7.884993176546044
historical_trend,Historical Trend (Baseline),Mirpurkhas,SUGARCANE,2028,20.024702183605655,53.15233131223437,1064.3596048918307,34.74252969090455,71.56213293356419
historical_trend,Historical Trend (Baseline),Mirpurkhas,WHEAT,2028,53.30177508479096,3.3631784035671606,179.2633788369631,2.66330984926282,4.063046957871501
historical_trend,Historical Trend (Baseline),Nawabshah,COTTON,2028,62.9821897031361,4.52323937805444,284.8835205813201,2.0400197198228875,7.006459036285993
historical_trend,Historical Trend (Baseline),Nawabshah,RICE,2028,11.124048626195417,3.1700498459245017,35.26378863352745,1.9402730254674982,4.3998266663815055
historical_trend,Historical Trend (Baseline),Nawabshah,SUGARCANE,2028,38.039525551617544,59.950400713284864,2280.4847997627103,41.540599091955045,78.36020233461468
historical_trend,Historical Trend (Baseline),Nawabshah,WHEAT,2028,94.95268739758353,3.463235857480081,328.8435517594083,2.76336730317574,4.163104411784421
historical_trend,Historical Trend (Baseline),Sanghar,COTTON,2028,114.35021950383,5.054106963859303,577.938240713147,2.5708873056277497,7.5373266220908555
historical_trend,Historical Trend (Baseline),Sanghar,RICE,2028,7.580330780076906,3.158655923195,23.943656718267295,1.9288791027379966,4.388432743652004
historical_trend,Historical Trend (Baseline),Sanghar,SUGARCANE,2028,14.60078007697868,53.93880439358032,787.5486205658376,35.5290027722505,72.34860601491013
historical_trend,Historical Trend (Baseline),Sanghar,WHEAT,2028,107.18153462139423,3.4070469898708877,365.1725249015636,2.707178435566547,4.106915544175228
historical_trend,Historical Trend (Baseline),Tharparkar,COTTON,2028,0.943795587058414,4.7654557743530415,4.4976161301564375,2.2822361161214886,7.248675432584594
historical_trend,Historical Trend (Baseline),Tharparkar,SUGARCANE,2028,0.4477607560687673,50.60652521311853,22.65961599143909,32.19672359178871,69.01632683444835
historical_trend,Historical Trend (Baseline),Tharparkar,WHEAT,2028,2.2646133912579387,2.9236872266985534,6.621021245431328,2.223818672394213,3.623555781002894
historical_trend,Historical Trend (Baseline),Thatta,COTTON,2028,6.723819595289683,4.3038770208239,28.938492648332723,1.820657362592347,6.787096679055453
historical_trend,Historical Trend (Baseline),Thatta,RICE,2028,90.87572882130962,3.1459056992387806,285.88647322143584,1.9161288787817772,4.3756825196957845
historical_trend,Historical Trend (Baseline),Thatta,SUGARCANE,2028,39.44161693532999,50.65170197293364,1997.7850263389469,32.24190035160382,69.06150359426346
historical_trend,Historical Trend (Baseline),Thatta,WHEAT,2028,20.437645668991024,3.1992929968607307,65.38601666112403,2.49942444255639,3.8991615511650712
historical_trend,Historical Trend (Baseline),Umarkot,COTTON,2028,21.03621546434985,5.5938393288641395,117.6732093949402,3.1106196706325866,8.077058987095693
historical_trend,Historical Trend (Baseline),Umarkot,SUGARCANE,2028,1.2505750543043916,51.65298724669243,64.59593733101644,33.243185625362614,70.06278886802225
historical_trend,Historical Trend (Baseline),Umarkot,WHEAT,2028,36.53180938226447,3.2313561904045462,118.04728839405918,2.5314876361002057,3.931224744708887
historical_trend,Historical Trend (Baseline),Badin,COTTON,2029,15.324310049159635,5.162634043807781,79.11380475765722,2.6794143855762282,7.645853702039334
historical_trend,Historical Trend (Baseline),Badin,RICE,2029,128.0197439121962,3.209178492285088,410.83820875086485,1.9794016718280845,4.438955312742092
historical_trend,Historical Trend (Baseline),Badin,SUGARCANE,2029,23.465047444839,59.12746905201173,1387.428866598705,40.717667430681914,77.53727067334155
historical_trend,Historical Trend (Baseline),Badin,WHEAT,2029,35.46865896878933,3.2348335031654623,114.73520634458987,2.5349649488611217,3.934702057469803
historical_trend,Historical Trend (Baseline),Dadu,COTTON,2029,10.382768949354329,4.680005223477132,48.591412917134434,2.1967855652455794,7.163224881708685
historical_trend,Historical Trend (Baseline),Dadu,RICE,2029,50.32526008917341,3.4606879248970897,174.16001990790787,2.2309111044400862,4.6904647453540935
historical_trend,Historical Trend (Baseline),Dadu,SUGARCANE,2029,6.806571395907071,53.720053567369085,365.64937999825,35.310251946039266,72.12985518869891
historical_trend,Historical Trend (Baseline),Dadu,WHEAT,2029,84.60959071681691,3.4371775929858996,290.81818936355086,2.737309038681559,4.13704614729024
historical_trend,Historical Trend (Baseline),Ghotki,COTTON,2029,83.67784268892231,4.710696666662479,394.18093462821366,2.2274770084309266,7.193916324894032
historical_trend,Historical Trend (Baseline),Ghotki,RICE,2029,47.649957699782135,3.467837594142064,165.2423146705836,2.2380607736850604,4.697614414599068
historical_trend,Historical Trend (Baseline),Ghotki,SUGARCANE,2029,59.56016234137269,53.23571753350798,3170.727978655196,34.82591591217816,71.6455191548378
historical_trend,Historical Trend (Baseline),Ghotki,WHEAT,2029,115.65662169886741,3.522619671808682,407.41429077136524,2.8227511175043416,4.222488226113023
historical_trend,Historical Trend (Baseline),Hyderabad,COTTON,2029,3.4124999999999996,5.25453321315757,17.931094589900205,2.7713135549260173,7.737752871389123
historical_trend,Historical Trend (Baseline),Hyderabad,RICE,2029,0.5025000000000001,3.2793481955233004,1.6478724682504586,2.049571375066297,4.509125015980304
historical_trend,Historical Trend (Baseline),Hyderabad,SUGARCANE,2029,2.5425,56.66348712182341,144.06691600723602,38.25368550049359,75.07328874315323
historical_trend,Historical Trend (Baseline),Hyderabad,WHEAT,2029,8.865,3.271600700689751,29.002740211614643,2.5717321463854104,3.9714692549940915
historical_trend,Historical Trend (Baseline),Jacobabad,RICE,2029,105.25837087001128,3.2884920206988015,346.14131271778723,2.058715200241798,4.518268841155805
historical_trend,Historical Trend (Baseline),Jacobabad,SUGARCANE,2029,0.14347319080827692,53.71959134302659,7.707321178900715,35.309789721696774,72.12939296435641
historical_trend,Historical Trend (Baseline),Jacobabad,WHEAT,2029,31.29944895392663,3.176956645564953,99.43699235669823,2.4770880912606126,3.8768251998692937
historical_trend,Historical Trend (Baseline),Jamshoro,COTTON,2029,15.650568194809807,4.744072027357129,74.24742278524236,2.260852369125576,7.227291685588682
historical_trend,Historical Trend (Baseline),Jamshoro,RICE,2029,0.4915010860866289,2.827766675467202,1.3898503921917058,1.5979898550101987,4.057543495924206
historical_trend,Historical Trend (Baseline),Jamshoro,SUGARCANE,2029,0.5138550360123447,55.20224625648956,28.365952238090763,36.79244463515974,73.61204787781938
historical_trend,Historical Trend (Baseline),Jamshoro,WHEAT,2029,38.581377615181964,3.2272231970941165,124.51071681556292,2.527354642789776,3.927091751398457
historical_trend,Historical Trend (Baseline),Karachi,COTTON,2029,0.5078175374413956,3.187639910809753,1.6187394497573184,0.7044202525782,5.670859569041306
historical_trend,Historical Trend (Baseline),Karachi,WHEAT,2029,1.5539316337029447,3.1431511940807972,4.884242069993335,2.4432826397764567,3.843019748385138
historical_trend,Historical Trend (Baseline),Kashmore,RICE,2029,92.05191379901726,3.524432230757273,324.4307318961466,2.2946554103002694,4.754209051214277
historical_trend,Historical Trend (Baseline),Kashmore,SUGARCANE,2029,0.09396250142906082,47.576483057673165,4.470405357296302,29.166681436343346,65.98628467900298
historical_trend,Historical Trend (Baseline),Kashmore,WHEAT,2029,44.08714073396618,3.3427210130086236,147.3710117348972,2.642852458704283,4.042589567312964
historical_trend,Historical Trend (Baseline),Khairpur,COTTON,2029,83.24196867497415,4.118907968667122,342.86600810288996,1.6356883104355688,6.602127626898675
historical_trend,Historical Trend (Baseline),Khairpur,RICE,2029,9.045414427803678,3.2205770968031215,29.131454537277037,1.9908002763461181,4.450353917260125
historical_trend,Historical Trend (Baseline),Khairpur,SUGARCANE,2029,24.04748942494564,57.75371139419569,1388.8317640032833,39.34390977286587,76.16351301552551
historical_trend,Historical Trend (Baseline),Khairpur,WHEAT,2029,106.70021378758389,3.5018188432591186,373.6448192211377,2.801950288954778,4.201687397563459
historical_trend,Historical Trend (Baseline),Larkana,COTTON,2029,0.10500000000000001,3.843253456772474,0.4035416129611098,1.360033798540921,6.326473115004027
historical_trend,Historical Trend (Baseline),Larkana,RICE,2029,98.24711901223259,3.335698648881954,327.7227821456488,2.105921828424951,4.565475469338958
historical_trend,Historical Trend (Baseline),Larkana,SUGARCANE,2029,0.727082428261113,62.18800296247339,45.215804202664444,43.77820134114357,80.59780458380321
historical_trend,Historical Trend (Baseline),Larkana,WHEAT,2029,52.75632102435094,3.4718745973003875,183.16333081146837,2.772006042996047,4.171743151604728
historical_trend,Historical Trend (Baseline),Matiari,COTTON,2029,42.68860523608055,5.033095546712942,214.8558289091038,2.549875888481389,7.516315204944495
historical_trend,Historical Trend (Baseline),Matiari,RICE,2029,0.8481216417057328,3.00501620002483,2.5486192729173816,1.7752393795678265,4.234793020481833
historical_trend,Historical Trend (Baseline),Matiari,SUGARCANE,2029,13.923906482222606,67.92576853286369,945.792048784693,49.515966911533866,86.3355701541935
historical_trend,Historical Trend (Baseline),Matiari,WHEAT,2029,43.46182119583841,3.5374092244941986,153.74224721147627,2.837540670189858,4.237277778798539
historical_trend,Historical Trend (Baseline),Mirpurkhas,COTTON,2029,28.085092031553927,5.20008635296261,146.04490379498253,2.716866694731057,7.683306011194163
historical_trend,Historical Trend (Baseline),Mirpurkhas,SUGARCANE,2029,20.347887275637163,55.734114773569225,1134.0714848200105,37.324313152239405,74.14391639489904
historical_trend,Historical Trend (Baseline),Mirpurkhas,WHEAT,2029,52.627928432605586,3.422631491579577,180.1260051900321,2.7227629372752364,4.122500045883918
historical_trend,Historical Trend (Baseline),Nawabshah,COTTON,2029,63.36875843146197,4.2982512426336905,272.3748446721856,1.8150315844021376,6.781470900865243
historical_trend,Historical Trend (Baseline),Nawabshah,RICE,2029,11.424575282953924,3.2203517312542917,36.79115079130566,1.9905749107972883,4.450128551711295
historical_trend,Historical Trend (Baseline),Nawabshah,SUGARCANE,2029,38.56899508402853,60.42322434636312,2330.463042776032,42.0134227250333,78.83302596769295
historical_trend,Historical Trend (Baseline),Nawabshah,WHEAT,2029,95.68104149994247,3.476387155470128,332.6243436924043,2.7765186011657876,4.176255709774469
historical_trend,Historical Trend (Baseline),Sanghar,COTTON,2029,114.42338058763019,4.885790104466,559.0486205945906,2.4025704462344475,7.369009762697553
historical_trend,Historical Trend (Baseline),Sanghar,RICE,2029,7.662941579970209,3.1520853341022503,24.15424577030642,1.922308513645247,4.381862154559254
historical_trend,Historical Trend (Baseline),Sanghar,SUGARCANE,2029,14.701579970275418,51.976464263063995,764.1361459355977,33.566662641734176,70.38626588439382
historical_trend,Historical Trend (Baseline),Sanghar,WHEAT,2029,106.98257574025405,3.4515235825171047,369.25288308590916,2.751655028212764,4.151392136821445
historical_trend,Historical Trend (Baseline),Tharparkar,COTTON,2029,0.9480393277695143,4.822450707044308,4.571872926507905,2.3392310488127555,7.305670365275861
historical_trend,Historical Trend (Baseline),Tharparkar,SUGARCANE,2029,0.43294386646852345,52.20428063174032,22.601523102913504,33.7944790104105,70.61408225307014
historical_trend,Historical Trend (Baseline),Tharparkar,WHEAT,2029,2.2831690865439356,3.0297225199422844,6.917368798338216,2.329853965637944,3.729591074246625
historical_trend,Historical Trend (Baseline),Thatta,COTTON,2029,6.895752829541436,4.413605240135735,30.435130823144902,1.930385581904182,6.896824898367288
historical_trend,Historical Trend (Baseline),Thatta,RICE,2029,92.27630273236491,3.1463639047421426,290.3348281801717,1.9165870842851391,4.376140725199146
historical_trend,Historical Trend (Baseline),Thatta,SUGARCANE,2029,39.8475934606148,55.41728767494397,2208.245549961107,37.00748605361415,73.82708929627378
historical_trend,Historical Trend (Baseline),Thatta,WHEAT,2029,20.631206127815005,3.2049701412987774,66.12239961862745,2.505101586994437,3.904838695603118
historical_trend,Historical Trend (Baseline),Umarkot,COTTON,2029,21.000273236538433,5.3679070013509165,112.72751373669692,2.8846873431193636,7.851126659582469
historical_trend,Historical Trend (Baseline),Umarkot,SUGARCANE,2029,1.1404710186350258,54.60188360832853,62.27186581818155,36.19208198699871,73.01168522965835
historical_trend,Historical Trend (Baseline),Umarkot,WHEAT,2029,36.60751914942276,3.17719658821337,116.30928494450158,2.4773280339090293,3.8770651425177105
